product_name,brand_name,rating,rating_count,marked_price,discounted_price,sizes,product_link,img_link,product_tag,brand_tag,discount_amount,discount_percent
Croc Textured Two Fold Wallet,Lino Perros,0,0,1295,828,Onesize,wallets/lino-perros/lino-perros-women-peach-coloured-croc-textured-two-fold-wallet/18070682/buy,"https://assets.myntassets.com/dpr_2,q_60,w_210,c_limit,fl_progressive/assets/images/18070682/2022/5/16/fd3151c6-aa03-4e37-b7a9-2b7adfed966a1652701027315LinoPerrosWomenPeach-ColouredCrocTexturedTwoFoldWallet1.jpg",wallets,lino-perros,467,36
Men Striped Sliders,Mast & Harbour,4,76,1299,584,"UK6,UK7,UK8,UK9,UK10,UK11",flip-flops/mast--harbour/mast--harbour-men-navy-blue--grey-striped-sliders/12548958/buy,"https://assets.myntassets.com/dpr_2,q_60,w_210,c_limit,fl_progressive/assets/images/12548958/2020/11/5/8b7ecd9b-8395-40fb-b5a4-ea3134d815b21604576826976-Mast--Harbour-Men-Flip-Flops-9011604576825368-1.jpg",flip-flops,mast--harbour,715,55
Printed A-line Kurta,Biba,4.3,66,1999,1599,"S,M,L,XL,XXL,3XL",kurtas/biba/biba-women-off-white--black-printed-pure-cotton-a-line-kurta/13446092/buy,"https://assets.myntassets.com/dpr_2,q_60,w_210,c_limit,fl_progressive/assets/images/13446092/2021/2/11/479e2878-61ce-469c-991d-e6ce7a81cdad1613025012925KurtasBibaWomenKurtasBibaWomenKurtasBibaWomen1.jpg",kurtas,biba,400,20
Girls Floral Printed T-shirt,Anthrilo,0,0,599,539,"7-8Y,8-9Y,9-10Y",tshirts/anthrilo/anthrilo-girls-white-floral-printed-t-shirt/18017006/buy,"https://assets.myntassets.com/dpr_2,q_60,w_210,c_limit,fl_progressive/assets/images/18017006/2022/4/25/6974efde-6564-4e7d-89c8-1c7586dabbfb1650865275421AnthriloGirlsWhiteFloralPrintedT-shirt1.jpg",tshirts,anthrilo,60,10
Women Printed Kurta with Skirt,FASHION DWAR,0,0,2899,2899,"S,M,L,XL",kurta-sets/fashion-dwar/fashion-dwar-women-multicoloured-ethnic-motifs-printed-pleated-pure-cotton-kurta-with-skirt/18015232/buy,"https://assets.myntassets.com/dpr_2,q_60,w_210,c_limit,fl_progressive/assets/images/18015232/2022/4/23/cedd0f10-fb42-4f68-aece-b823c752975b1650726808414FASHIONDWARWomenMulticolouredFloralPrintedEmpirePureCottonKu1.jpg",kurta-sets,fashion-dwar,0,0
Floral Cotton Maxi Dress,Vishudh,4.1,800,4349,1826,"S,M,L,XL,XXL",dresses/vishudh/vishudh-rust-brown-floral-printed-cotton-anarkali-dress/7726509/buy,"https://assets.myntassets.com/dpr_2,q_60,w_210,c_limit,fl_progressive/assets/images/7726509/2018/11/2/1f1d6d43-8ceb-4cce-af10-cfcbe796f2861541144072761-Vishudh-Women-Rust-Printed-A-Line-Dress-7321541144072563-1.jpg",dresses,vishudh,2523,58
Fitted Crop Top,Tokyo Talkies,4.4,210,499,249,"S,M,L,XL",tops/tokyo-talkies/tokyo-talkies-pink-fitted-crop-top/14424536/buy,"https://assets.myntassets.com/dpr_2,q_60,w_210,c_limit,fl_progressive/assets/images/14424536/2021/10/8/226c9f64-e506-40dc-be8e-85035d9d77051633676957774TokyoTalkiesPinkFittedCropTop1.jpg",tops,tokyo-talkies,250,50
Men Mesh Running Shoes,Woakers,3.4,591,3125,687,"UK6,UK7,UK8,UK9,UK10",sports-shoes/woakers/woakers-men-white--orange-mesh-running-shoes/13067478/buy,"https://assets.myntassets.com/dpr_2,q_60,w_210,c_limit,fl_progressive/assets/images/productimage/2020/11/23/1b307357-ee09-43f3-9da4-692f22fedab61606117121974-1.jpg",sports-shoes,woakers,2438,78
Men Checked Pullover,Roadster,4.3,528,1999,999,"S,M,L,XL",sweaters/roadster/the-roadster-lifestyle-co-men-black--teal-blue-jacquard-checked-pullover/15654428/buy,"https://assets.myntassets.com/dpr_2,q_60,w_210,c_limit,fl_progressive/assets/images/15654428/2021/10/6/20733fdc-554a-4990-b80b-6046b4b0ea5b1633503401601-Computerised-Jacquard-Sweater-2231633503401076-1.jpg",sweaters,roadster,1000,50
Girls Cotton Jersey Top,H&M,4.2,16,599,599,"8-10Y,10-12Y,12-14Y,14-15Y",tops/hm/hm-girls-pink-cotton-jersey-top/16929940/buy,"https://assets.myntassets.com/dpr_2,q_60,w_210,c_limit,fl_progressive/assets/images/16929940/2022/1/25/11596469-d0bf-4332-b88a-8ceaa02c28681643116443439Cottonjerseytop1.jpg",tops,hm,0,0
Cotton Twill Cap,H&M,4.2,13,699,699,Onesize,caps/hm/hm-white-cotton-twill-cap/18212980/buy,"https://assets.myntassets.com/dpr_2,q_60,w_210,c_limit,fl_progressive/assets/images/18212980/2022/5/10/6628a33c-1936-45af-bf5d-034e2d0ff8f51652175533542Cottontwillcap1.jpg",caps,hm,0,0
Women Geometric Printed Kurta,Vishudh,4.3,48,1849,647,"S,M,L,XL,XXL",kurtas/vishudh/vishudh-women-black-geometric-printed-thread-work-kurta/16107014/buy,"https://assets.myntassets.com/dpr_2,q_60,w_210,c_limit,fl_progressive/assets/images/16107014/2021/11/16/cce25edb-8fb4-4c02-aed1-4857b7b8a77a1637046628433VishudhWomenBlackGeometricPrintedThreadWorkKurta1.jpg",kurtas,vishudh,1202,65
Women  Solid Cotton Lounge Pants,Mystere Paris,4.2,5,899,899,"S,M,L,XL,XXL",lounge-pants/mystere-paris/mystere-paris-women-yellow-solid-cotton-lounge-pants/18083510/buy,"https://assets.myntassets.com/dpr_2,q_60,w_210,c_limit,fl_progressive/assets/images/18083510/2022/4/29/ac923c02-5b1e-4e81-8b79-422919fbea181651207301229CoolYellowLoungPants1.jpg",lounge-pants,mystere-paris,0,0
Croc Textured Handheld Bag,Accessorize,4.6,67,6925,5886,Onesize,handbags/accessorize/accessorize-white-croc-textured-handheld-bag-with-detachable-sling-strap/11405356/buy,"https://assets.myntassets.com/dpr_2,q_60,w_210,c_limit,fl_progressive/assets/images/11405356/2020/2/6/4aa77c02-54c2-4c03-ae05-f106cb77e5581580974511062-Accessorize-R-Katie-Chain-Handheld-6051580974509323-1.jpg",handbags,accessorize,1039,15
Men Kurta,Jompers,4.5,36,2099,902,"S,M,L,XL,XXL",kurtas/jompers/jompers-men-olive-green-thread-work-kurta/15455664/buy,"https://assets.myntassets.com/dpr_2,q_60,w_210,c_limit,fl_progressive/assets/images/15455664/2021/9/15/7c581117-7681-4717-8700-20d7868b67731631685962551JompersMenOliveGreenThreadWorkKurta1.jpg",kurtas,jompers,1197,57
Block Peep Toes with Buckles,FOOTONS,0,0,3399,1599,"EURO36,EURO37,EURO38,EURO39,EURO40,EURO41",heels/footons/footons-cream-coloured-block-peep-toes-with-buckles/18489340/buy,"https://assets.myntassets.com/dpr_2,q_60,w_210,c_limit,fl_progressive/assets/images/18489340/2022/5/30/eadfc952-2941-4bb8-a37d-8ffe82f531321653913370554FOOTONSCream-ColouredBlockPeepToeswithBuckles1.jpg",heels,footons,1800,52
Men Derbys,ID,4.3,67,3985,1912,"UK6,UK7,UK8,UK9,UK10,UK11",casual-shoes/id/id-men-brown-solid-derbys/13865076/buy,"https://assets.myntassets.com/dpr_2,q_60,w_210,c_limit,fl_progressive/assets/images/productimage/2021/3/13/320d6bee-03a2-43db-b9d1-c86581c05fc81615624514552-1.jpg",casual-shoes,id,2073,52
Gold-Plated Drop Earrings,Zaveri Pearls,4.3,168,2495,499,Onesize,earrings/zaveri-pearls/zaveri-pearls-green--off-white-gold-plated-contemporary-drop-earrings/14905126/buy,"https://assets.myntassets.com/dpr_2,q_60,w_210,c_limit,fl_progressive/assets/images/14905126/2021/10/7/7c369f63-0bcc-4ee2-9dc0-7c05fedf196f1633622284733-Zaveri-Pearls-Green--Off-White-Gold-Plated-Contemporary-Drop-1.jpg",earrings,zaveri-pearls,1996,80
Embellished Net Dress,Toy Balloon kids,0,0,1999,899,"1-2Y,2-3Y,3-4Y,4-5Y,5-6Y,6-7Y,7-8Y,8-9Y,9-10Y,10-11Y,11-12Y",dresses/toy-balloon-kids/toy-balloon-kids-blue-embellished-layered-net-dress/16978474/buy,"https://assets.myntassets.com/dpr_2,q_60,w_210,c_limit,fl_progressive/assets/images/16978474/2022/1/29/796bf278-2ac6-48a1-9b1e-0becd5856b9b1643457080153ToyBalloonkidsBlueLayeredNetDress2.jpg",dresses,toy-balloon-kids,1100,55
Men Slim Fit Jeans,Greenfibre,0,0,1999,1999,"28,30,32,34,36,38,40",jeans/greenfibre/greenfibre-men-blue-slim-fit-stretchable-jeans/18427492/buy,"https://assets.myntassets.com/dpr_2,q_60,w_210,c_limit,fl_progressive/assets/images/18427492/2022/5/26/e48026c4-e1d1-4210-a95c-cfc677c1bd791653557793694GreenfibreMensRawBlueCottonStretchSolidJeans1.jpg",jeans,greenfibre,0,0
Women Woven Design Sneakers,ASIAN,4.6,7,999,629,"UK4,UK5,UK6,UK7,UK8",casual-shoes/asian/asian-women-black-woven-design-sneakers/17888028/buy,"https://assets.myntassets.com/dpr_2,q_60,w_210,c_limit,fl_progressive/assets/images/17888028/2022/4/14/c1f62570-aef0-4158-a630-280f53a1f9531649930470914ASIANWomenBlackWovenDesignSneakers1.jpg",casual-shoes,asian,370,37
Slim Fit Casual Shirt,HIGHLANDER,4.3,222,1099,461,"39,40,42,44",shirts/highlander/highlander-men-navy-blue-slim-fit-printed-casual-shirt/11964924/buy,"https://assets.myntassets.com/dpr_2,q_60,w_210,c_limit,fl_progressive/assets/images/11964924/2020/6/24/4acfecf3-ddea-4880-aab0-e6af6fc9b46a1593000911983HIGHLANDERMenNavyBlueSlimFitPrintedCasualShirt1.jpg",shirts,highlander,638,58
Tailored Fit Casual Shirt,U.S. Polo Assn.,0,0,2299,1724,"38,40,42,44,46",shirts/us-polo-assn/u-s-polo-assn-men-blue-and-red-tailored-fit-striped-pure-cotton-casual-shirt/16342310/buy,"https://assets.myntassets.com/dpr_2,q_60,w_210,c_limit,fl_progressive/assets/images/16342310/2022/2/11/cc26ed29-066c-4e82-8573-180c3fc4d46b1644567890621-U-S-Polo-Assn-Men-Blue-And-Red-Tailored-Fit-Striped-Pure-Cot-1.jpg",shirts,us-polo-assn,575,25
Training Rapid-Dry Tshirts,HRX by Hrithik Roshan,0,0,1099,769,"S,M,L,XL,XXL",tshirts/hrx-by-hrithik-roshan/hrx-by-hrithik-roshan-training-men-jet-black-rapid-dry-typography-tshirts/17860832/buy,"https://assets.myntassets.com/dpr_2,q_60,w_210,c_limit,fl_progressive/assets/images/17860832/2022/5/4/687575b0-025e-492b-bfc2-f1229257ae481651661104393-HRX-by-Hrithik-Roshan-Men-Tshirts-3791651661103795-1.jpg",tshirts,hrx-by-hrithik-roshan,330,30
Men Colourblocked Sneakers,ASIAN,0,0,999,519,"UK6,UK7,UK8,UK9,UK10",casual-shoes/asian/asian-men-grey-colourblocked-sneakers/18312012/buy,"https://assets.myntassets.com/dpr_2,q_60,w_210,c_limit,fl_progressive/assets/images/18312012/2022/5/18/09794bf2-a41d-45c2-bdac-85c9a8ae78971652872299666ASIANMenGreyColourblockedSneakers1.jpg",casual-shoes,asian,480,48
Longline Denim Jacket,ZALORA BASICS,0,0,3399,2549,"XS,S,M,L,XL",jackets/zalora-basics/zalora-basics-women-black-longline-denim-jacket/18034262/buy,"https://assets.myntassets.com/dpr_2,q_60,w_210,c_limit,fl_progressive/assets/images/18034262/2022/4/26/8b110017-4b18-496b-a2cb-418e6eebfcf41650948975277Jackets1.jpg",jackets,zalora-basics,850,25
Aloe Vera Gel - 500 g,BEAUCODE BIOCARE,0,0,499,299,400 ML & Above,face-serum-and-gel/beaucode-biocare/beaucode-biocare-aloe-vera-gel-for-all-skin-types---500-g/18314510/buy,"https://assets.myntassets.com/dpr_2,q_60,w_210,c_limit,fl_progressive/assets/images/18314510/2022/5/18/a6b7cce6-19d4-45f4-a75a-b9743e52f3d81652870290742BEAUCODEBIOCAREUnisexNAMaskandPeel1.jpg",face-serum-and-gel,beaucode-biocare,200,40
Training Rapid-Dry T-shirt,HRX by Hrithik Roshan,0,0,899,584,"XS,S,M,L,XL",tshirts/hrx-by-hrithik-roshan/hrx-by-hrithik-roshan-training-women-formula-red-rapid-dry-typography-t-shirt/15178126/buy,"https://assets.myntassets.com/dpr_2,q_60,w_210,c_limit,fl_progressive/assets/images/15178126/2022/5/18/79ffbf8b-2aff-47ec-b5b1-da311b6904641652865598299WROGNMenPeach-ColouredBlueBrandLogoPrintedSlimFitT-shirtTshi5.jpg",tshirts,hrx-by-hrithik-roshan,315,35
Printed Round Neck Pure Cotton T-shirt,Roadster,4.3,479,699,419,"S,M,L,XL",tshirts/roadster/roadster-men-navy-blue-printed-round-neck-pure-cotton-t-shirt/9972729/buy,"https://assets.myntassets.com/dpr_2,q_60,w_210,c_limit,fl_progressive/assets/images/9972729/2019/10/11/85332c37-ce23-4777-ae96-30f73c06e6ea1570772783272-Roadster-Men-Tshirts-2591570772781565-1.jpg",tshirts,roadster,280,40
Women Solid Top,MANGO,4.3,7,2390,2151,"XS,S,M,L",tops/mango/mango-women-red-solid-top/16892540/buy,"https://assets.myntassets.com/dpr_2,q_60,w_210,c_limit,fl_progressive/assets/images/16892540/2022/4/19/e25e40e7-5543-48c7-9aba-0e2ee81a62701650363619534-MANGO-Women-Red-Solid-Top-8721650363619367-1.jpg",tops,mango,239,10
Men Perforated Formal Derbys,INVICTUS,0,0,3699,2219,"UK6,UK7,UK8,UK9,UK10",formal-shoes/invictus/invictus-men-black-perforated-formal-derbys-/15823358/buy,"https://assets.myntassets.com/dpr_2,q_60,w_210,c_limit,fl_progressive/assets/images/15823358/2022/6/4/cc5b3050-974d-4dee-bcd4-e60e8c50bc021654336738193-INVICTUS-Men-Formal-Shoes-9241654336737739-1.jpg",formal-shoes,invictus,1480,40
Solid Sports Trolley Bag,Kipsta By Decathlon,4.4,121,1999,1999,M,trolley-bag/kipsta-by-decathlon/kipsta-by-decathlon-unisex-black-solid-sports-trolley-bag/12978036/buy,"https://assets.myntassets.com/dpr_2,q_60,w_210,c_limit,fl_progressive/assets/images/productimage/2020/11/16/6e4ecaec-272e-4c60-b159-e347b4113abe1605529890518-1.jpg",trolley-bag,kipsta-by-decathlon,0,0
Men Leather Comfort Sandals,Hush Puppies,0,0,2699,2699,"UK6,UK7,UK8,UK9,UK10,UK11",sandals/hush-puppies/hush-puppies-men-brown-leather-comfort-sandals/17982216/buy,"https://assets.myntassets.com/dpr_2,q_60,w_210,c_limit,fl_progressive/assets/images/17982216/2022/4/22/e9542a37-8503-4da8-8e2f-9041b79c1cef1650603580583HushPuppiesMenBrownSandals1.jpg",sandals,hush-puppies,0,0
Women Maternity Anarkali Kurta,Nejo,0,0,1499,1334,"S,M,L,XL,XXL",kurtas/nejo/nejo-women-rust--white-geometric-printed-maternity-anarkali-kurta/18011338/buy,"https://assets.myntassets.com/dpr_2,q_60,w_210,c_limit,fl_progressive/assets/images/18011338/2022/5/16/50e36721-54a9-4ae4-8c51-ff58f01228901652679636526-Nejo-Women-Mustard-Brown--White-Printed-Pre--Post-Maternity--1.jpg",kurtas,nejo,165,11
Women Party Block Pumps,Rubeezz,4.2,5,2999,1349,"EURO35,EURO36,EURO37,EURO38,EURO39,EURO40,EURO41",heels/rubeezz/rubeezz-women-silver-toned-party-block-pumps/17846080/buy,"https://assets.myntassets.com/dpr_2,q_60,w_210,c_limit,fl_progressive/assets/images/17846080/2022/4/11/f776758d-ab00-4a8f-a9ef-63bd17e014c61649668219168RubeezzSilver-TonedPartyBlockPumps7.jpg",heels,rubeezz,1650,55
Bermuda Low Shorts,H&M,0,0,1999,1999,"23,25,27,28,30,31,33",shorts/hm/hm-women-black-bermuda-low-shorts/18345920/buy,"https://assets.myntassets.com/dpr_2,q_60,w_210,c_limit,fl_progressive/assets/images/18345920/2022/5/20/92bb6026-be68-411d-a2e0-210d3165de321653024581471BermudaLowShorts1.jpg",shorts,hm,0,0
Seductive Noir Body Mist 250ml,GUESS,4.2,45,1490,1117,240-260 ML,perfume-and-body-mist/guess/guess-seductive-noir-fragrance-body-mist-250-ml/16927618/buy,"https://assets.myntassets.com/dpr_2,q_60,w_210,c_limit,fl_progressive/assets/images/16927618/2022/1/25/0aa47259-0d74-434c-865e-ed63a1ddbcc51643087650638GuessSeductiveNoirBodyMist250ml1.jpg",perfume-and-body-mist,guess,373,25
Stunning Blue Solid Saree With Embellished Border,Tikhi Imli,4.1,244,2398,1294,Onesize,sarees/tikhi-imli/tikhi-imli-solid-poly-crepe-saree-with-embellished-border/15108042/buy,"https://assets.myntassets.com/dpr_2,q_60,w_210,c_limit,fl_progressive/assets/images/15108042/2021/9/4/7790033d-3c5e-4f79-b5d4-a02e8ef6f89f1630724393180-Tikhi-Imli-Women-Sarees-5051630724392713-1.jpg",sarees,tikhi-imli,1104,46
Printed Anarkali Kurta,Soch,4.3,6,2998,2248,"S,M,L,XL,XXL",kurtas/soch/soch-women-multicoloured-ethnic-motifs-printed-georgette-anarkali-kurta/14291762/buy,"https://assets.myntassets.com/dpr_2,q_60,w_210,c_limit,fl_progressive/assets/images/productimage/2021/5/11/72e8c096-42c1-4557-a626-e9ec67476fb31620722109284-1.jpg",kurtas,soch,750,25
Women Regular Fit Denim Shorts,Roadster,4.3,516,1499,749,"26,28,30,32,34,36",shorts/roadster/the-roadster-lifestyle-co-women-blue-solid-regular-fit-denim-shorts/11118500/buy,"https://assets.myntassets.com/dpr_2,q_60,w_210,c_limit,fl_progressive/assets/images/11118500/2020/3/12/5dcb76fb-6fff-4024-aec1-a9a32f5ed2ee1584015404250-Roadster-Women-Blue-Solid-Regular-Fit-Denim-Shorts-409158401-4.jpg",shorts,roadster,750,50
Pure Cotton Printed Sweatshirt,Mast & Harbour,3.8,111,1799,629,"S,M,L,XL",sweatshirts/mast--harbour/mast--harbour-women-red--white-pure-cotton-printed-sweatshirt/12147970/buy,"https://assets.myntassets.com/dpr_2,q_60,w_210,c_limit,fl_progressive/assets/images/12147970/2021/3/12/3dfc257f-f8ec-401c-a863-4aa748c4179d1615545454736-Mast--Harbour-Women-Red--White-Pure-Cotton-Printed-Sweatshir-1.jpg",sweatshirts,mast--harbour,1170,65
Slim Striped Cotton Shirt,HERE&NOW,4.3,161,1899,664,"38,40,42,44,46",shirts/herenow/herenow-men-olive-green--black-slim-fit-pure-cotton-striped-casual-shirt/14808552/buy,"https://assets.myntassets.com/dpr_2,q_60,w_210,c_limit,fl_progressive/assets/images/14808552/2021/8/17/2bbe7a3a-1a4e-4cb9-9070-ff74f84136551629195319156-HERENOW-Men-Shirts-431629195318603-1.jpg",shirts,herenow,1235,65
Women Cotton Printed Kurta,Anouk,4.2,45,1099,494,"XS,S,M,L,XL,XXL",kurtas/anouk/anouk-women-mustard-yellow--off-white-pure-cotton-ethnic-motifs-printed-kurta/17102592/buy,"https://assets.myntassets.com/dpr_2,q_60,w_210,c_limit,fl_progressive/assets/images/17102592/2022/5/20/e8d8a9b8-bcfb-4788-abe7-6b3236e248591653044811241-Anouk-Women-Mustard-Yellow--Off-White-Ethnic-Motifs-Printed--1.jpg",kurtas,anouk,605,55
Women 711 Skinny Fit Jeans,Levis,3.6,8,3699,3329,"25,26,27,28,30,32,34",jeans/levis/levis-women-blue-711-skinny-fit-mid-rise-light-fade-stretchable-jeans/16653778/buy,"https://assets.myntassets.com/dpr_2,q_60,w_210,c_limit,fl_progressive/assets/images/16653778/2022/1/13/0f885fab-78ff-4332-a65b-fcf95b53b56e1642077404945-Levis-Women-Jeans-7491642077404254-1.jpg",jeans,levis,370,10
Girls Self Design A-Line Dress,Stylo Bug,4.2,384,2195,658,"9-10Y,11-12Y,13-14Y",dresses/stylo-bug/stylo-bug-girls-yellow-self-design-a-line-dress/14227614/buy,"https://assets.myntassets.com/dpr_2,q_60,w_210,c_limit,fl_progressive/assets/images/productimage/2021/4/30/75270b7e-a81d-4f54-9405-9f8d1a204ffa1619779892847-1.jpg",dresses,stylo-bug,1537,70
Women Relaxed Fit High-Rise Jeans,ONLY,1.3,3,3699,2959,"34,36,38,40,42",jeans/only/only-women-blue-relaxed-fit-high-rise-low-distress-jeans/17914736/buy,"https://assets.myntassets.com/dpr_2,q_60,w_210,c_limit,fl_progressive/assets/images/17914736/2022/4/19/1e3289d6-cd8d-481e-a2d1-f0159fa05b9a1650341539131ONLYWomenBlueRelaxedFitHigh-RiseLowDistressJeans1.jpg",jeans,only,740,20
Men Tie and Dye Dyed Polo Collar Slim Fit T-shirt,Flying Machine,0,0,1799,1799,"S,M,L,XL,XXL",tshirts/flying-machine/flying-machine-men-blue--white-tie-and-dye-dyed-polo-collar-slim-fit-pure-cotton-t-shirt/17907410/buy,"https://assets.myntassets.com/dpr_2,q_60,w_210,c_limit,fl_progressive/assets/images/17907410/2022/6/2/39a1961b-57e2-4c83-8675-337a6fefb8a51654141987381-Flying-Machine-Men-Blue--White-Tie-and-Dye-Dyed-Polo-Collar--1.jpg",tshirts,flying-machine,0,0
Checked Slim Fit Casual Shirt,Park Avenue,3.8,14,2099,1469,"39,40,42,44,46",shirts/park-avenue/park-avenue-men-blue-checked-slim-fit-pure-cotton-casual-shirt/16741992/buy,"https://assets.myntassets.com/dpr_2,q_60,w_210,c_limit,fl_progressive/assets/images/16741992/2022/1/31/aaa1ae58-25aa-47ea-96f1-0cc8a08e61501643620303354-Park-Avenue-Men-Blue-Checked-Slim-Fit-Pure-Cotton-Casual-Shi-1.jpg",shirts,park-avenue,630,30
Plus Size A-Line Maxi Dress,Sztori,4.2,17,1899,949,"XXL,3XL,4XL,5XL,6XL",dresses/sztori/sztori-women-plus-size-maroon-a-line-maxi-dress/16338130/buy,"https://assets.myntassets.com/dpr_2,q_60,w_210,c_limit,fl_progressive/assets/images/16338130/2022/5/27/85301535-2107-466f-847e-46aeaf63e7b31653644393389-Sztori-Maroon-A-Line-Maxi-Dress-5221653644392962-1.jpg",dresses,sztori,950,50
Men Solid Thong Flip-Flops,Weinbrenner,4.1,78,999,899,"UK6,UK7,UK8,UK9,UK10,UK11",flip-flops/weinbrenner/weinbrenner-men-blue-solid-thong-flip-flops/12407330/buy,"https://assets.myntassets.com/dpr_2,q_60,w_210,c_limit,fl_progressive/assets/images/productimage/2020/9/5/b6d8f73c-30f1-4bf1-8c8f-cf9b0bd7612c1599256738189-1.jpg",flip-flops,weinbrenner,100,10
Seductive Noir Body Mist 250ml,GUESS,4.2,45,1490,1117,240-260 ML,perfume-and-body-mist/guess/guess-seductive-noir-fragrance-body-mist-250-ml/16927618/buy,"https://assets.myntassets.com/dpr_2,q_60,w_210,c_limit,fl_progressive/assets/images/16927618/2022/1/25/0aa47259-0d74-434c-865e-ed63a1ddbcc51643087650638GuessSeductiveNoirBodyMist250ml1.jpg",perfume-and-body-mist,guess,373,25
Stunning Blue Solid Saree With Embellished Border,Tikhi Imli,4.1,244,2398,1294,Onesize,sarees/tikhi-imli/tikhi-imli-solid-poly-crepe-saree-with-embellished-border/15108042/buy,"https://assets.myntassets.com/dpr_2,q_60,w_210,c_limit,fl_progressive/assets/images/15108042/2021/9/4/7790033d-3c5e-4f79-b5d4-a02e8ef6f89f1630724393180-Tikhi-Imli-Women-Sarees-5051630724392713-1.jpg",sarees,tikhi-imli,1104,46
Printed Anarkali Kurta,Soch,4.3,6,2998,2248,"S,M,L,XL,XXL",kurtas/soch/soch-women-multicoloured-ethnic-motifs-printed-georgette-anarkali-kurta/14291762/buy,"https://assets.myntassets.com/dpr_2,q_60,w_210,c_limit,fl_progressive/assets/images/productimage/2021/5/11/72e8c096-42c1-4557-a626-e9ec67476fb31620722109284-1.jpg",kurtas,soch,750,25
Women Regular Fit Denim Shorts,Roadster,4.3,516,1499,749,"26,28,30,32,34,36",shorts/roadster/the-roadster-lifestyle-co-women-blue-solid-regular-fit-denim-shorts/11118500/buy,"https://assets.myntassets.com/dpr_2,q_60,w_210,c_limit,fl_progressive/assets/images/11118500/2020/3/12/5dcb76fb-6fff-4024-aec1-a9a32f5ed2ee1584015404250-Roadster-Women-Blue-Solid-Regular-Fit-Denim-Shorts-409158401-4.jpg",shorts,roadster,750,50
Pure Cotton Printed Sweatshirt,Mast & Harbour,3.8,111,1799,629,"S,M,L,XL",sweatshirts/mast--harbour/mast--harbour-women-red--white-pure-cotton-printed-sweatshirt/12147970/buy,"https://assets.myntassets.com/dpr_2,q_60,w_210,c_limit,fl_progressive/assets/images/12147970/2021/3/12/3dfc257f-f8ec-401c-a863-4aa748c4179d1615545454736-Mast--Harbour-Women-Red--White-Pure-Cotton-Printed-Sweatshir-1.jpg",sweatshirts,mast--harbour,1170,65
Slim Striped Cotton Shirt,HERE&NOW,4.3,161,1899,664,"38,40,42,44,46",shirts/herenow/herenow-men-olive-green--black-slim-fit-pure-cotton-striped-casual-shirt/14808552/buy,"https://assets.myntassets.com/dpr_2,q_60,w_210,c_limit,fl_progressive/assets/images/14808552/2021/8/17/2bbe7a3a-1a4e-4cb9-9070-ff74f84136551629195319156-HERENOW-Men-Shirts-431629195318603-1.jpg",shirts,herenow,1235,65
Women Cotton Printed Kurta,Anouk,4.2,45,1099,494,"XS,S,M,L,XL,XXL",kurtas/anouk/anouk-women-mustard-yellow--off-white-pure-cotton-ethnic-motifs-printed-kurta/17102592/buy,"https://assets.myntassets.com/dpr_2,q_60,w_210,c_limit,fl_progressive/assets/images/17102592/2022/5/20/e8d8a9b8-bcfb-4788-abe7-6b3236e248591653044811241-Anouk-Women-Mustard-Yellow--Off-White-Ethnic-Motifs-Printed--1.jpg",kurtas,anouk,605,55
Women 711 Skinny Fit Jeans,Levis,3.6,8,3699,3329,"25,26,27,28,30,32,34",jeans/levis/levis-women-blue-711-skinny-fit-mid-rise-light-fade-stretchable-jeans/16653778/buy,"https://assets.myntassets.com/dpr_2,q_60,w_210,c_limit,fl_progressive/assets/images/16653778/2022/1/13/0f885fab-78ff-4332-a65b-fcf95b53b56e1642077404945-Levis-Women-Jeans-7491642077404254-1.jpg",jeans,levis,370,10
Girls Self Design A-Line Dress,Stylo Bug,4.2,384,2195,658,"9-10Y,11-12Y,13-14Y",dresses/stylo-bug/stylo-bug-girls-yellow-self-design-a-line-dress/14227614/buy,"https://assets.myntassets.com/dpr_2,q_60,w_210,c_limit,fl_progressive/assets/images/productimage/2021/4/30/75270b7e-a81d-4f54-9405-9f8d1a204ffa1619779892847-1.jpg",dresses,stylo-bug,1537,70
Women Relaxed Fit High-Rise Jeans,ONLY,1.3,3,3699,2959,"34,36,38,40,42",jeans/only/only-women-blue-relaxed-fit-high-rise-low-distress-jeans/17914736/buy,"https://assets.myntassets.com/dpr_2,q_60,w_210,c_limit,fl_progressive/assets/images/17914736/2022/4/19/1e3289d6-cd8d-481e-a2d1-f0159fa05b9a1650341539131ONLYWomenBlueRelaxedFitHigh-RiseLowDistressJeans1.jpg",jeans,only,740,20
Men Tie and Dye Dyed Polo Collar Slim Fit T-shirt,Flying Machine,0,0,1799,1799,"S,M,L,XL,XXL",tshirts/flying-machine/flying-machine-men-blue--white-tie-and-dye-dyed-polo-collar-slim-fit-pure-cotton-t-shirt/17907410/buy,"https://assets.myntassets.com/dpr_2,q_60,w_210,c_limit,fl_progressive/assets/images/17907410/2022/6/2/39a1961b-57e2-4c83-8675-337a6fefb8a51654141987381-Flying-Machine-Men-Blue--White-Tie-and-Dye-Dyed-Polo-Collar--1.jpg",tshirts,flying-machine,0,0
Checked Slim Fit Casual Shirt,Park Avenue,3.8,14,2099,1469,"39,40,42,44,46",shirts/park-avenue/park-avenue-men-blue-checked-slim-fit-pure-cotton-casual-shirt/16741992/buy,"https://assets.myntassets.com/dpr_2,q_60,w_210,c_limit,fl_progressive/assets/images/16741992/2022/1/31/aaa1ae58-25aa-47ea-96f1-0cc8a08e61501643620303354-Park-Avenue-Men-Blue-Checked-Slim-Fit-Pure-Cotton-Casual-Shi-1.jpg",shirts,park-avenue,630,30
Plus Size A-Line Maxi Dress,Sztori,4.2,17,1899,949,"XXL,3XL,4XL,5XL,6XL",dresses/sztori/sztori-women-plus-size-maroon-a-line-maxi-dress/16338130/buy,"https://assets.myntassets.com/dpr_2,q_60,w_210,c_limit,fl_progressive/assets/images/16338130/2022/5/27/85301535-2107-466f-847e-46aeaf63e7b31653644393389-Sztori-Maroon-A-Line-Maxi-Dress-5221653644392962-1.jpg",dresses,sztori,950,50
Men Solid Thong Flip-Flops,Weinbrenner,4.1,78,999,899,"UK6,UK7,UK8,UK9,UK10,UK11",flip-flops/weinbrenner/weinbrenner-men-blue-solid-thong-flip-flops/12407330/buy,"https://assets.myntassets.com/dpr_2,q_60,w_210,c_limit,fl_progressive/assets/images/productimage/2020/9/5/b6d8f73c-30f1-4bf1-8c8f-cf9b0bd7612c1599256738189-1.jpg",flip-flops,weinbrenner,100,10
Bewitching Eyeshadow - 003,Colorbar,0,0,795,556,Onesize,eyeshadow/colorbar/colorbar-bewitching-eyeshadow-palette---midsummer-breeze-003/18425154/buy,"https://assets.myntassets.com/dpr_2,q_60,w_210,c_limit,fl_progressive/assets/images/18425154/2022/5/26/94bfff76-048b-4cbf-a8ec-712d7f63a6471653561006958ColorbarBewitchingEyeshadowPalette1.jpg",eyeshadow,colorbar,239,30
Solid Slim Fit Casual Shirt,IVOC,0,0,2499,849,"38,40,42,44,46",shirts/ivoc/ivoc-men-grey-solid-slim-fit-casual-shirt/16708248/buy,"https://assets.myntassets.com/dpr_2,q_60,w_210,c_limit,fl_progressive/assets/images/16708248/2022/1/29/b1f0f72a-34cd-4f72-b4a6-0bd99523e5911643436592274-IVOC-Men-Grey-Solid-Slim-Fit-Casual-Shirt-2711643436591706-1.jpg",shirts,ivoc,1650,66
Men Slim Fit Chino Shorts,HIGHLANDER,4,54,1399,531,"30,32,34,36",shorts/highlander/highlander-men-blue--white-checked-slim-fit-chino-shorts/14230622/buy,"https://assets.myntassets.com/dpr_2,q_60,w_210,c_limit,fl_progressive/assets/images/productimage/2021/5/3/381d149e-cf85-41a1-8402-ab165f403b031620019585698-1.jpg",shorts,highlander,868,62
Pure Cotton Casual Shirt,Harvard,4,88,1498,674,"38,40,42,44",shirts/harvard/harvard-men-yellow--white-regular-fit-striped-pure-cotton-casual-shirt/13728108/buy,"https://assets.myntassets.com/dpr_2,q_60,w_210,c_limit,fl_progressive/assets/images/13728108/2021/5/31/13738b4f-54e6-4d49-9a3b-58b57d8dc1891622441386878MEN2P100COTTONANTIMICROBIALANTIODOURTRUNK_AQUA2ShirtsRoadste1.jpg",shirts,harvard,824,55
Men Solid Polo Collar T-shirt,Blackberrys,4.3,54,995,995,"S,M,L,XL,XXL",tshirts/blackberrys/blackberrys-men-grey-melange-solid-polo-collar-t-shirt/16693342/buy,"https://assets.myntassets.com/dpr_2,q_60,w_210,c_limit,fl_progressive/assets/images/16693342/2022/3/2/205bd226-af1c-4ee1-934b-952b6581ee151646217108229-Blackberrys-Men-Tshirts-8001646217107703-1.jpg",tshirts,blackberrys,0,0
Studded Shoulder Bag,Roadster,4.6,556,2999,1649,Onesize,handbags/roadster/roadster-black-studded-shoulder-bag/1651486/buy,"https://assets.myntassets.com/dpr_2,q_60,w_210,c_limit,fl_progressive/assets/images/1651486/2017/1/17/11484646227285-Roadster-Black-Studded-Tote-Bag-811484646227043-1.jpg",handbags,roadster,1350,45
Printed Anarkali Kurta,Divena,4.5,472,2599,1299,"XS,S,M,L,XL,XXL",kurtas/divena/divena-women-blue--white-printed-anarkali-kurta/11919246/buy,"https://assets.myntassets.com/dpr_2,q_60,w_210,c_limit,fl_progressive/assets/images/11919246/2020/6/24/5ca8f638-612e-4dff-a44e-adc49bb3b4bd1592978473269EmbroideredStraightKurtaKurtasDivenaWomenKurtasDivenaWomenKu1.jpg",kurtas,divena,1300,50
Men Washed Denim Shorts,AMERICAN EAGLE OUTFITTERS,0,0,2999,2999,"28,30,32,34,36",shorts/american-eagle-outfitters/american-eagle-outfitters-men-blue-washed-denim-shorts/18158588/buy,"https://assets.myntassets.com/dpr_2,q_60,w_210,c_limit,fl_progressive/assets/images/18158588/2022/5/5/2fda7a5f-cd6c-4c1f-b91d-bf2ddfbcb2311651733158117AMERICANEAGLEOUTFITTERSMenBlueWashedDenimShorts1.jpg",shorts,american-eagle-outfitters,0,0
Floral A-Line Midi Dress,WISSTLER,4.4,27,1799,899,"S,M,L,XL",dresses/wisstler/wisstler-off-white--green-floral-a-line-midi-dress/17812480/buy,"https://assets.myntassets.com/dpr_2,q_60,w_210,c_limit,fl_progressive/assets/images/17812480/2022/4/14/94209eb3-8fff-4285-ae85-2a7960f422531649934658758WomenNavyBlueEmbellishedStraightKurtaShrugWISSTLERWomenShrug1.jpg",dresses,wisstler,900,50
Men Slim Fit Casual Shirt,V-Mart,0,0,850,680,"38,40,42",shirts/v-mart/v-mart-men-red-slim-fit-tartan-checked-casual-shirt/18210678/buy,"https://assets.myntassets.com/dpr_2,q_60,w_210,c_limit,fl_progressive/assets/images/18210678/2022/5/10/85a2db0d-9a60-4877-98f8-19728483e8dc1652169303638V-MartMenRedSlimFitTartanChecksCheckedCasualShirt1.jpg",shirts,v-mart,170,20
Striped Lounge Pants,DRAPE IN VOGUE,4.1,31,999,599,"S,M,L,XL",lounge-pants/drape-in-vogue/drape-in-vogue-women-navy-blue-striped-lounge-pants/12699550/buy,"https://assets.myntassets.com/dpr_2,q_60,w_210,c_limit,fl_progressive/assets/images/productimage/2020/10/8/d63010fc-0f11-49a1-83c1-473c08c1a0851602108979590-1.jpg",lounge-pants,drape-in-vogue,400,40
Maternity A-Line Midi Dress,Aaruvi Ruchi Verma,4,21,2799,1483,"S,M,L,XL",dresses/aaruvi-ruchi-verma/aaruvi-ruchi-verma-sea-green-ethnic-motifs-a-line-maternity-midi-dress/15095516/buy,"https://assets.myntassets.com/dpr_2,q_60,w_210,c_limit,fl_progressive/assets/images/15095516/2021/8/10/8ea34604-a963-4a5d-a312-c4c8bd0e2b581628591196067AaruviRuchiVermaSeaGreenEthnicMotifsA-LineMidiDress1.jpg",dresses,aaruvi-ruchi-verma,1316,47
Men Perforations Suede Sneakers,Clarks,0,0,9999,9999,"UK6,UK7,UK8,UK9,UK10,UK11",casual-shoes/clarks/clarks-men-brown-perforations-suede-sneakers/17312128/buy,"https://assets.myntassets.com/dpr_2,q_60,w_210,c_limit,fl_progressive/assets/images/17312128/2022/2/26/666841a0-ebe5-4137-a2fa-50c6751a87251645862947488ClarksMenBrownPerforationsSuedeSneakers1.jpg",casual-shoes,clarks,0,0
Men Pure Cotton Casual Shirt,WROGN,4.2,208,2199,1143,"39,40,42,44",shirts/wrogn/wrogn-men-blue-solid-slim-fit-pure-cotton-casual-shirt/12131950/buy,"https://assets.myntassets.com/dpr_2,q_60,w_210,c_limit,fl_progressive/assets/images/12131950/2022/6/3/ce91a5fb-bbeb-4cf1-924d-a427d3ec7f1b1654237980715-WROGN-Men-Blue-Slim-Fit-Casual-Shirt-1601654237980181-1.jpg",shirts,wrogn,1056,48
Women Sandals,Vishudh,3.8,78,1398,768,"EURO36,EURO37,EURO38,EURO39,EURO40,EURO41",heels/vishudh/vishudh-women-pink-solid-sandals/14379352/buy,"https://assets.myntassets.com/dpr_2,q_60,w_210,c_limit,fl_progressive/assets/images/14379352/2021/7/28/7b2b0711-41a4-4d5d-ab8c-a668bd8669f61627462757989VishudhWomenPinkSolidSandals1.jpg",heels,vishudh,630,45
Satin Sheath Mini Off-Shoulder Dress,iki chic,0,0,6299,3968,"S,M,L",dresses/iki-chic/iki-chic-white-off-shoulder-satin-sheath-mini-dress/18079956/buy,"https://assets.myntassets.com/dpr_2,q_60,w_210,c_limit,fl_progressive/assets/images/18079956/2022/5/5/6097d4cc-259a-4e18-ab86-95365d9ec88b1651727728126ikichicWhiteOff-ShoulderSatinSheathMiniDress1.jpg",dresses,iki-chic,2331,37
Men Solid T-shirt,MANGO MAN,0,0,2390,2390,"S,M,L,XL,XXL",tshirts/mango-man/mango-man-blue-solid-t-shirt/18259556/buy,"https://assets.myntassets.com/dpr_2,q_60,w_210,c_limit,fl_progressive/assets/images/18259556/2022/6/2/4fafda25-ef84-4aae-977f-3a0e680104b31654173094961MANGOMANBlueSolidT-shirt1.jpg",tshirts,mango-man,0,0
Men Slim Fit Jeans,Flying Machine,3.1,7,2699,1754,"30,32,34,36,38",jeans/flying-machine/flying-machine-men-navy-blue-slim-tapered-michael-fit-stretchable-jeans/16746770/buy,"https://assets.myntassets.com/dpr_2,q_60,w_210,c_limit,fl_progressive/assets/images/16746770/2022/2/1/90054f46-5f77-4837-9d0c-bf1ae7aa8e271643693186106-Flying-Machine-Men-Navy-Blue-Slim-Tapered-Michael-Fit-Stretc-1.jpg",jeans,flying-machine,945,35
Brand Logo Print Casual Top,Puma,0,0,1299,1299,"XS,S,M,L,XL",tops/puma/puma-black-brand-logo-print-relaxed-fit-casual-top/16756924/buy,"https://assets.myntassets.com/dpr_2,q_60,w_210,c_limit,fl_progressive/assets/images/16756924/2022/4/25/abd851a6-81c3-4bfb-93b7-8d00659117ff1650889710700-Puma-Black-Brand-Logo-Print-Relaxed-Fit-Casual-Top-559165088-1.jpg",tops,puma,0,0
Printed Tasselled Envelope Clutch,Lavie,4.6,165,1799,1079,S,clutches/lavie/lavie-women-gold-toned-printed-tasselled-envelope-clutch/15929154/buy,"https://assets.myntassets.com/dpr_2,q_60,w_210,c_limit,fl_progressive/assets/images/15929154/2022/2/16/dce6b17e-c9ee-4374-9b6a-1d8f23d7566b1645021285497LavieWomenGold-TonedPrintedTasselledEnvelopeClutch1.jpg",clutches,lavie,720,40
Men Tapered Fit Jeans,abof,4.3,8,1499,1049,"30,32,34,36",jeans/abof/abof-men-blue-tapered-fit-stretchable-jeans/16005422/buy,"https://assets.myntassets.com/dpr_2,q_60,w_210,c_limit,fl_progressive/assets/images/16005422/2022/2/14/38a6a80c-a72b-426a-a719-cabb16cd77cb1644817896481-abof-Men-Blue-Tapered-Fit-Stretchable-Jeans-91644817895442-1.jpg",jeans,abof,450,30
Pure Cotton Kurta Set,HERE&NOW,3.6,62,2699,944,"XS,S,M,L,XL,XXL",kurta-sets/herenow/herenow-women-maroon--golden-ethnic-print-pure-cotton-kurta-with-trousers--dupatta/15889710/buy,"https://assets.myntassets.com/dpr_2,q_60,w_210,c_limit,fl_progressive/assets/images/15889710/2021/12/6/14e074ca-8c06-407f-9575-79e85b8c96f81638783426976-HERENOW-Women-Kurta-Sets-2041638783426007-1.jpg",kurta-sets,herenow,1755,65
Men Slim Fit Casual Shirt,Flying Machine,4.2,546,1499,1349,"38,40,42,44,46",shirts/flying-machine/flying-machine-men-navy-blue-comfort-slim-fit-solid-casual-shirt/2474396/buy,"https://assets.myntassets.com/dpr_2,q_60,w_210,c_limit,fl_progressive/assets/images/2474396/2018/9/15/6b8d772b-afe6-4b5a-b684-a33636900dc41537006617101-Flying-Machine-Men-Navy-Blue-Comfort-Slim-Fit-Solid-Casual-S-1.jpg",shirts,flying-machine,150,10
Accordion Pleated Wrap Dress,all about you,3.8,65,2499,999,"XS,S,M,L,XL",dresses/all-about-you/all-about-you-women-green-solid-accordion-pleated-wrap-dress/13649966/buy,"https://assets.myntassets.com/dpr_2,q_60,w_210,c_limit,fl_progressive/assets/images/13649966/2021/4/9/41323259-799f-47eb-b922-a895181f16161617951812765-all-about-you-Women-Dresses-6051617951811728-1.jpg",dresses,all-about-you,1500,60
Women Bandhani Printed Kurta,Anouk,3.8,35,1099,439,"XS,S,M,L,XL,XXL",kurtas/anouk/anouk-women-blue-bandhani-printed-kurta/17102552/buy,"https://assets.myntassets.com/dpr_2,q_60,w_210,c_limit,fl_progressive/assets/images/17102552/2022/6/10/93150ce1-89ce-4ab5-9b2f-c5da7bebff221654848447043-Anouk-Women-Blue-Bandhani-Printed-Kurta-2731654848446359-1.jpg",kurtas,anouk,660,60
Ethnic Motifs Maxi Dress,Meeranshi,4.1,41,3499,909,"S,M,L,XL,XXL",dresses/meeranshi/meeranshi-blue--gold-toned-ethnic-motifs-maxi-dress/15019380/buy,"https://assets.myntassets.com/dpr_2,q_60,w_210,c_limit,fl_progressive/assets/images/15019380/2021/8/31/17400c43-a59c-48a8-9107-fdb2beb022671630388060760WomenBlueGoldPrintedAnarkaliDress1.jpg",dresses,meeranshi,2590,74
Men Skinny Fit Jeans,Blackberrys,0,0,3295,3295,"30,32,34,36,38,40",jeans/blackberrys/blackberrys-men-charcoal-grey-skinny-fit-light-fade-stretchable-jeans/17852670/buy,"https://assets.myntassets.com/dpr_2,q_60,w_210,c_limit,fl_progressive/assets/images/17852670/2022/5/16/459a7e67-6505-45ab-918d-b3c074007e1d1652703298638-Blackberrys-Men-Jeans-6081652703297963-1.jpg",jeans,blackberrys,0,0
Men Printed Polo Collar T-shirt,Roadster,3.7,7,1399,839,"XS,S,M,L,XL",tshirts/roadster/roadster-men-mauve--black-printed-polo-collar-t-shirt/17330370/buy,"https://assets.myntassets.com/dpr_2,q_60,w_210,c_limit,fl_progressive/assets/images/17330370/2022/5/2/0c380eb7-c96e-449c-b979-fe307d1ba3fb1651477572775-Roadster-Men-Tshirts-1901651477572331-1.jpg",tshirts,roadster,560,40
Women Solid Cotton Saree Blouse,Suta,0,0,2800,2800,"XS,S,M,L,XL,XXL",saree-blouse/suta/-suta-women-red-solid-cotton-saree-blouse/18230022/buy,"https://assets.myntassets.com/dpr_2,q_60,w_210,c_limit,fl_progressive/assets/images/18230022/2022/5/12/6330dc07-44ba-4413-a401-85cd30483cc91652347647576SutaWomenRedSolidCottonSareeBlouse1.jpg",saree-blouse,suta,0,0
Women Keyhole Neck Top,La Aimee,0,0,1349,944,"M,L,XL,XXL,3XL,4XL,5XL,6XL",tops/la-aimee/la-aimee-women-rust--black-geometric-print-keyhole-neck-top/17733116/buy,"https://assets.myntassets.com/dpr_2,q_60,w_210,c_limit,fl_progressive/assets/images/17733116/2022/4/1/99807e56-1cab-434b-8ed0-95ce7ffec9ce1648825793313LaAimeeMulticolouredStripedKeyholeNeckTop1.jpg",tops,la-aimee,405,30
Tank Top,Friskers,4.2,53,999,619,"S,M,L,XL",tops/friskers/friskers-white-tank-top/16829804/buy,"https://assets.myntassets.com/dpr_2,q_60,w_210,c_limit,fl_progressive/assets/images/16829804/2022/1/14/5c1829bc-1521-46a9-ab17-0f9c45cd6eeb1642146453876FriskersWhiteTankTop1.jpg",tops,friskers,380,38
Women Printed Kurta with Trousers,mirari,0,0,2299,1609,"S,M,L,XL,XXL",kurta-sets/mirari/mirari-women-pink-ethnic-motifs-printed-pure-cotton-kurta-with-trousers/18012116/buy,"https://assets.myntassets.com/dpr_2,q_60,w_210,c_limit,fl_progressive/assets/images/18012116/2022/4/25/6c8bae4e-6d91-43ff-bbab-8ff37132dede1650865022161MIRARIWomenPrintedKurtaAndPantSet1.jpg",kurta-sets,mirari,690,30
Men Slim Fit Jeans,Wrangler,0,0,4299,2149,"28,30,32,34,36,38,40",jeans/wrangler/wrangler-men-blue-slim-fit-heavy-fade-jeans/17331708/buy,"https://assets.myntassets.com/dpr_2,q_60,w_210,c_limit,fl_progressive/assets/images/17331708/2022/2/28/c26d9200-db91-4bd4-b1ad-e935d26fe5b01646056834732WranglerMenBlueSlimFitLightFadeJeans1.jpg",jeans,wrangler,2150,50
Women Jogger Jeans,Tokyo Talkies,4.6,30,1999,999,"26,28,30,32,34",jeans/tokyo-talkies/tokyo-talkies-women-lime-green-jogger-jeans/16699326/buy,"https://assets.myntassets.com/dpr_2,q_60,w_210,c_limit,fl_progressive/assets/images/16699326/2022/2/7/a4e30d9d-1580-403c-97ad-d5d319717e3d1644244323555-Tokyo-Talkies-Women-Lime-Green-Jogger-Jeans-1731644244322790-1.jpg",jeans,tokyo-talkies,1000,50
Women T-shirt,Tokyo Talkies,4.5,314,499,219,"S,M,L,XL",tshirts/tokyo-talkies/tokyo-talkies-women-navy-blue-t-shirt/14424506/buy,"https://assets.myntassets.com/dpr_2,q_60,w_210,c_limit,fl_progressive/assets/images/productimage/2021/5/31/e8e01634-cea3-4d7b-b153-6666a2bddb2b1622446265721-1.jpg",tshirts,tokyo-talkies,280,56
Men Formal Belt,Kastner,4.2,19,1999,699,"28,30,32,34,36,38,40",belts/kastner/kastner-men-brown-textured-formal-belt/16229840/buy,"https://assets.myntassets.com/dpr_2,q_60,w_210,c_limit,fl_progressive/assets/images/16229840/2021/11/24/3bdee2cc-1fbb-4297-bdcf-2760b8d7ad8a1637768226573KastnerMenBrownSolid1.jpg",belts,kastner,1300,65
Men Colourblocked Polo Collar T-shirt,one8 x PUMA,4,38,2799,1259,"XS,S,M,L,XL",tshirts/one8-x-puma/one8-x-puma-men-black--grey-colourblocked-polo-collar-pure-cotton-casual-t-shirt/15118206/buy,"https://assets.myntassets.com/dpr_2,q_60,w_210,c_limit,fl_progressive/assets/images/15118206/2021/11/9/40adbd3e-2e7b-4a96-be6e-d106efb333731636455807766-one8-x-PUMA-Men-Tshirts-6061636455806578-1.jpg",tshirts,one8-x-puma,1540,55
Black Tapered Track Pants,Puma,4.6,10,3999,2799,"XS,S,M,L,XL,XXL",track-pants/puma/puma-men-black-solid-evostripe-mid-rise-elasticated-dry-cell-tapered-track-pants/17174310/buy,"https://assets.myntassets.com/dpr_2,q_60,w_210,c_limit,fl_progressive/assets/images/17174310/2022/5/4/dc3a1f68-dd24-473f-8d6e-6a5dfd0883c61651653108049PumaMenBlackSolidEvostripeMidRiseElasticatedDryCellTaperedTr1.jpg",track-pants,puma,1200,30
Women Bra,Amante,0,0,795,477,"32B,32C,32D,34B,34C,34D,36B,36C,36D,38B,38C,38D,40C",bra/amante/-amante-women-multi-bra/18604208/buy,"https://assets.myntassets.com/dpr_2,q_60,w_210,c_limit,fl_progressive/assets/images/18604208/2022/6/3/7644fd02-9f5d-43a2-89d3-b617e73ec7731654252229351AmanteWomenMultiBra1.jpg",bra,amante,318,40
Women Slouchy Fit Jeans,Roadster,3.9,24,2599,1169,"26,28,30,32,34,36",jeans/roadster/the-roadster-lifestyle-co-women-cream-coloured-slouchy-fit-high-rise-stretchable-jeans/15773252/buy,"https://assets.myntassets.com/dpr_2,q_60,w_210,c_limit,fl_progressive/assets/images/15773252/2022/4/19/cd918620-d284-4c6d-b6f1-996f926093d71650370547963-Roadster-Women-Jeans-801650370547382-1.jpg",jeans,roadster,1430,55
Slim Fit Opaque Casual Shirt,HIGHLANDER,4.2,99,1299,610,"39,40,42,44",shirts/highlander/highlander-men-grey--black-slim-fit-opaque-striped-cotton-casual-shirt/15561932/buy,"https://assets.myntassets.com/dpr_2,q_60,w_210,c_limit,fl_progressive/assets/images/15561932/2021/9/21/e48d8673-cdd0-4075-baac-82c988846f281632236857799HIGHLANDERMenGreySlimFitOpaqueCasualShirt1.jpg",shirts,highlander,689,53
Men Leather Reversible Belt,Pacific Gold,4.1,52,1599,479,"30,32,34,36,38,40,42,44,46,48,50,52,54,56,58,60",belts/pacific-gold/pacific-gold-men-black--brown-leather-reversible-textured-belt/13190804/buy,"https://assets.myntassets.com/dpr_2,q_60,w_210,c_limit,fl_progressive/assets/images/13190804/2020/12/9/dcf4b8f5-e3d3-41f0-8234-28aef3891f981607523293218-Pacific-Gold-BlackBrown-Reversible-Genuine-Leather-30-Belt-f-1.jpg",belts,pacific-gold,1120,70
Men Textured Formal Derbys,Bata,3.9,8,1799,1529,"UK6,UK7,UK8,UK9,UK10,UK11",formal-shoes/bata/bata-men-brown-textured-formal-derbys/16627982/buy,"https://assets.myntassets.com/dpr_2,q_60,w_210,c_limit,fl_progressive/assets/images/16627982/2021/12/28/73e3a5b8-2968-4f52-ad7b-045a62acdf721640666504352BataMenBrownTexturedFormalDerbys1.jpg",formal-shoes,bata,270,15
Women Front Tie Peplum Top,FabAlley,5,2,1500,1050,"XS,S,M,L,XL",tops/faballey/faballey-white-polka-dot-print-front-tie-peplum-top/18392082/buy,"https://assets.myntassets.com/dpr_2,q_60,w_210,c_limit,fl_progressive/assets/images/18392082/2022/5/23/401ed365-7514-4b38-81ca-5b9389c609d31653326185021FabAlleyWhitePrintGeorgetteCinchedWaistTop1.jpg",tops,faballey,450,30
Men Colourblocked Sweatshirt,Disrupt,0,0,1799,1619,"S,M,L,XL,XXL",sweatshirts/disrupt/disrupt-men-blue-colourblocked-sweatshirt/18533260/buy,"https://assets.myntassets.com/dpr_2,q_60,w_210,c_limit,fl_progressive/assets/images/18533260/2022/5/31/fb578957-9fc3-4fa5-b795-bf1bc45e9fc61654001982195DisruptMenBlueCut-SewClassyComfortFitPullover1.jpg",sweatshirts,disrupt,180,10
Women Chikankari Kurta,ZOLA,4.3,49,4650,1999,"M,L,XL,XXL,3XL,4XL,5XL",kurtas/zola/zola-women-white-exclusive-georgette-lucknowi-chikankari/15033302/buy,"https://assets.myntassets.com/dpr_2,q_60,w_210,c_limit,fl_progressive/assets/images/15033302/2021/8/5/1b638812-c787-4ea1-90b8-f9d3423330531628135190711ZOLAWomenWhiteEthnicMotifsEmbroideredKeyholeNeckCold-Shoulde1.jpg",kurtas,zola,2651,57
Women Floral A-Line Maxi Dress,Sangria,4.5,21,2299,804,"XS,S,M,L,XL,XXL,3XL",dresses/sangria/sangria-women-green--yellow-floral-a-line-maxi-dress/16629488/buy,"https://assets.myntassets.com/dpr_2,q_60,w_210,c_limit,fl_progressive/assets/images/16629488/2022/2/3/d245cca7-fb15-4b7c-b46f-e9e597ee84131643832250099-Sangria-Women-Green--Yellow-Floral-A-Line-Maxi-Dress-8721643-1.jpg",dresses,sangria,1495,65
Solid Synthetic Two Fold,Baggit,4.4,38,1890,661,XL,wallets/baggit/baggit-women-burgundy-solid-synthetic-two-fold-wallet-with-sling-strap/15773962/buy,"https://assets.myntassets.com/dpr_2,q_60,w_210,c_limit,fl_progressive/assets/images/15773962/2021/11/17/841b5068-f969-4a2a-a3f9-7faaa406ad7f1637136091564-Baggit-Women-Wallets-2581637136090921-1.jpg",wallets,baggit,1229,65
Men Thong Flip Flops,Power,0,0,999,999,"UK6,UK7,UK8,UK9,UK10,UK11",flip-flops/power/power-men-black-solid-thong-flip-flops/18243640/buy,"https://assets.myntassets.com/dpr_2,q_60,w_210,c_limit,fl_progressive/assets/images/18243640/2022/5/15/e76e4590-3678-405d-af3e-ff6b5862ee111652560517348PowerMenBlackFlipFlops1.jpg",flip-flops,power,0,0
Unisex Square Sunglasses,HRX by Hrithik Roshan,4.3,279,3599,2339,S,sunglasses/hrx-by-hrithik-roshan/hrx-by-hrithik-roshan-unisex-polarised-square-sunglasses-mfb-pn-cy-51922/9038471/buy,"https://assets.myntassets.com/dpr_2,q_60,w_210,c_limit,fl_progressive/assets/images/9038471/2019/8/9/d39e3401-791e-4b80-8716-1a3160caf9ce1565343387641-HRX-by-Hrithik-Roshan-Unisex-Polarised-Square-Sunglasses-MFB-1.jpg",sunglasses,hrx-by-hrithik-roshan,1260,35
Women Skinny Fit Cropped Jeans,Harvard,4.3,36,1698,594,"26,28,30,32,34",jeans/harvard/harvard-women-black-mid-rise-skinny-fit-stretchable-cropped-jeans/15457994/buy,"https://assets.myntassets.com/dpr_2,q_60,w_210,c_limit,fl_progressive/assets/images/15457994/2021/11/22/eae25169-4aa8-4360-95f2-9f88026ecd301637576658062-Harvard-Women-Jeans-4701637576657195-1.jpg",jeans,harvard,1104,65
Men Brand Logo Print Sliders,U.S. Polo Assn.,0,0,1599,1279,"UK6,UK7,UK8,UK9,UK10,UK11",flip-flops/us-polo-assn/us-polo-assn-men-navy-blue--white-brand-logo-print-sliders-with-textured-detail/17115430/buy,"https://assets.myntassets.com/dpr_2,q_60,w_210,c_limit,fl_progressive/assets/images/17115430/2022/2/17/9489fb25-0351-48fa-85bc-daf153e34df71645097265616-US-Polo-Assn-Men-Flip-Flops-9361645097262998-1.jpg",flip-flops,us-polo-assn,320,20
Women Solid Roll-Up Trousers,SASSAFRAS,3.9,46,1799,629,"26,28,30,32,34,36",trousers/sassafras/sassafras-women-dusty-pink-regular-fit-solid-roll-up-trousers/13842964/buy,"https://assets.myntassets.com/dpr_2,q_60,w_210,c_limit,fl_progressive/assets/images/13842964/2021/3/22/a445d155-687b-423b-9060-eda15e3006581616400414802-SASSAFRAS-Women-Trousers-861616400413918-1.jpg",trousers,sassafras,1170,65
Men Sneakers,FRATERNITY,0,0,2199,999,"UK6,UK7,UK8,UK9,UK10,UK11",casual-shoes/fraternity/fraternity-men-blue-sneakers/18596956/buy,"https://assets.myntassets.com/dpr_2,q_60,w_210,c_limit,fl_progressive/assets/images/18596956/2022/6/3/7582db0e-4f67-4dd1-a752-9bb35da7644d1654268239029FRATERNITYMenBlueSneakers1.jpg",casual-shoes,fraternity,1200,54
A-Line Denim Dress,U.S. Polo Assn. Kids,4.8,5,1699,1614,"1-2Y,2-3Y,3-4Y,4-5Y,6-7Y,8-9Y,9-10Y,10-11Y,11-12Y,13-14Y",dresses/us-polo-assn-kids/u-s-polo-assn-kids-blue-a-line-denim-dress/17038708/buy,"https://assets.myntassets.com/dpr_2,q_60,w_210,c_limit,fl_progressive/assets/images/17038708/2022/4/27/4eef04ef-ec0c-4042-b3c7-8adf4b3b2a981651062466648-US-Polo-Assn-Kids-Girls-Dresses-4041651062466251-1.jpg",dresses,us-polo-assn-kids,85,5
Women Flared Trousers,FOREVER 21,0,0,2399,2039,"24,26,28,30,32",trousers/forever-21/forever-21-women-white--beige-printed-flared-trousers/17948344/buy,"https://assets.myntassets.com/dpr_2,q_60,w_210,c_limit,fl_progressive/assets/images/17948344/2022/5/11/6da9aa8a-f5fd-4f0c-9077-3545aee05bf21652270065596-FOREVER-21-Women-White--Beige-Printed-Flared-Trousers-471165-1.jpg",trousers,forever-21,360,15
Ultralight Cotton Boxer Shorts,DAMENSCH,0,0,490,490,"S,M,L,XL,XXL",boxers/damensch/damensch-men-blue-solid-cotton-boxer-shorts/18187336/buy,"https://assets.myntassets.com/dpr_2,q_60,w_210,c_limit,fl_progressive/assets/images/18187336/2022/5/7/78cb44e2-c7a3-4390-b342-f5d63b7c0b191651913406048DAMENSCHMenBlueSolidCottonBoxers2.jpg",boxers,damensch,0,0
Men Solid Loafers,Fentacia,4.1,146,4499,944,"UK6,UK7,UK8,UK9,UK10,UK11,UK12",casual-shoes/fentacia/fentacia-men-black-loafers/13258750/buy,"https://assets.myntassets.com/dpr_2,q_60,w_210,c_limit,fl_progressive/assets/images/productimage/2020/12/16/66a133a7-098c-4e4a-bd1f-f7750d3636451608117588943-1.jpg",casual-shoes,fentacia,3555,79
Pack of 2 Round Neck T-shirt,Roadster,4.2,223,899,593,"S,M,L,XL",tshirts/roadster/roadster-men-pack-of-2-solid-round-neck-t-shirt/12117174/buy,"https://assets.myntassets.com/dpr_2,q_60,w_210,c_limit,fl_progressive/assets/images/12117174/2020/11/19/1efe7db7-d7df-4ca6-ab25-2050471b9bf31605788297881-Roadster-Men-Tshirts-1361605788295661-1.jpg",tshirts,roadster,306,34
Women Printed Kurta with Skirt,saubhagya,3.7,42,3999,1299,"S,M,L,XL,XXL",kurta-sets/saubhagya/saubhagya-women-burgundy-ethnic-motifs-printed-kurta-with-skirt/17755344/buy,"https://assets.myntassets.com/dpr_2,q_60,w_210,c_limit,fl_progressive/assets/images/17755344/2022/4/5/b79d6f2f-f8e4-46b8-92d4-a00b4f5fdd4a1649154118331saubhagyaWomenBurgundyEthnicMotifsEmbroideredLayeredKurtawit1.jpg",kurta-sets,saubhagya,2700,67
Solid Round Neck T-shirt,Tokyo Talkies,4.3,453,749,374,"S,M,L,XL",tshirts/tokyo-talkies/tokyo-talkies-women-green-solid-round-neck-t-shirt/14195884/buy,"https://assets.myntassets.com/dpr_2,q_60,w_210,c_limit,fl_progressive/assets/images/14195884/2021/4/27/20d2f471-2a82-4f0b-84cc-38da306b04821619499800126TokyoTalkiesWomenGreenSolidV-NeckT-shirt1.jpg",tshirts,tokyo-talkies,375,50
Checked Casual Shirt,United Colors of Benetton,0,0,2999,2099,"38,40,42,44,46",shirts/united-colors-of-benetton/united-colors-of-benetton-men-sea-green-tartan-checks-checked-casual-shirt/18227444/buy,"https://assets.myntassets.com/dpr_2,q_60,w_210,c_limit,fl_progressive/assets/images/18227444/2022/5/11/1633b87e-42fd-43f0-b6a9-6c022bb3f71f1652252060255UnitedColorsofBenettonMenGreenTartanChecksCheckedCasualShirt1.jpg",shirts,united-colors-of-benetton,900,30
Striped Block Sandals,Metro,4.6,7,1690,1183,"EURO36,EURO37,EURO38,EURO39,EURO40,EURO41",heels/metro/metro-pink-striped-block-sandals/18091446/buy,"https://assets.myntassets.com/dpr_2,q_60,w_210,c_limit,fl_progressive/assets/images/18091446/2022/4/29/49a64dd9-3153-4f2f-a17b-51972afa9f641651229002470MetroPinkStripedBlockSandals1.jpg",heels,metro,507,30
Men Jogger Jeans,WROGN,4,96,2599,1429,"28,30,32,34,36",jeans/wrogn/wrogn-men-blue-jogger-mid-rise-clean-look-stretchable-jeans/11560462/buy,"https://assets.myntassets.com/dpr_2,q_60,w_210,c_limit,fl_progressive/assets/images/11560462/2021/3/25/a403641a-b032-445a-85bb-18e71b48cd0a1616651189561-WROGN-Men-Blue-Jogger-Mid-Rise-Clean-Look-Stretchable-Jeans--1.jpg",jeans,wrogn,1170,45
Slim Fit Checked Casual Shirt,Moda Rapido,4.6,12,1899,1044,"38,40,42,44,46",shirts/moda-rapido/moda-rapido-men-black-slim-fit-checked-casual-shirt/16877192/buy,"https://assets.myntassets.com/dpr_2,q_60,w_210,c_limit,fl_progressive/assets/images/16877192/2022/3/16/6e363e7a-bd86-473e-8324-92ddd4dbc1411647432319472-Moda-Rapido-Men-Shirts-7371647432319044-1.jpg",shirts,moda-rapido,855,45
Restful Moon Body Lotion-192ml,Bath & Body Works,0,0,1399,699,180-200 ML,body-lotion/bath--body-works/bath--body-works-restful-moon-moisturizing-body-lotion---192-ml/17052210/buy,"https://assets.myntassets.com/dpr_2,q_60,w_210,c_limit,fl_progressive/assets/images/17052210/2022/5/18/9cffe785-b60f-496b-a588-54b9f66659181652874034029-Bath--Body-Works-Restful-Moon-Moisturizing-Body-Lotion---192-1.jpg",body-lotion,bath--body-works,700,50
Dress,URBANIC,0,0,1490,1266,"S,M,L,XL",dresses/urbanic/urbanic-red-dress/18500350/buy,"https://assets.myntassets.com/dpr_2,q_60,w_210,c_limit,fl_progressive/assets/images/18500350/2022/5/30/12e2a516-488d-415e-ac63-7dc872467e6a1653891567091URBANICRedDress1.jpg",dresses,urbanic,224,15
Slim Fit Casual Shirt,HIGHLANDER,3.7,89,1399,531,"39,40,42,44",shirts/highlander/highlander-men-blue-slim-fit-solid-casual-shirt/13842392/buy,"https://assets.myntassets.com/dpr_2,q_60,w_210,c_limit,fl_progressive/assets/images/productimage/2021/3/10/3b1752aa-5e13-4fdf-9645-dd9db7f1688e1615358088426-1.jpg",shirts,highlander,868,62
Men Textured Loafers,Sir Corbett,4.1,456,2699,809,"UK6,UK7,UK8,UK9,UK10,UK11,UK12",casual-shoes/sir-corbett/sir-corbett-men-navy-blue-textured-loafers/9966821/buy,"https://assets.myntassets.com/dpr_2,q_60,w_210,c_limit,fl_progressive/assets/images/9966821/2021/11/18/61aa05ef-8fd1-4dfc-9bf4-5ef5a2e6162a1637245379292-Sir-Corbett-Men-Navy-Blue-Textured-Loafers-2451637245379232-18.jpg",casual-shoes,sir-corbett,1890,70
Essential Brand Logo T-shirt,bebe,3.8,6,999,699,"XS,S,M,L,XL",tshirts/bebe/bebe-women-egret-essential-brand-logo-printed-sleeveless-t-shirt-with-beads-detail/17646094/buy,"https://assets.myntassets.com/dpr_2,q_60,w_210,c_limit,fl_progressive/assets/images/17646094/2022/4/21/9f4151f2-5b20-4fb7-a53b-bbfdcd20fea31650541318494-bebe-Women-Tshirts-6161650541317849-1.jpg",tshirts,bebe,300,30
Georgette Midi Dress,HELLO DESIGN,5,3,1999,859,"S,M,L,XL,XXL",dresses/hello-design/hello-design-black-georgette-midi-dress/17758080/buy,"https://assets.myntassets.com/dpr_2,q_60,w_210,c_limit,fl_progressive/assets/images/17758080/2022/4/5/82a76a37-d326-4029-9497-cef53291b93a1649097227603HELLODESIGNBlackGeorgetteMidiDress1.jpg",dresses,hello-design,1140,57
Men Slim Fit Mid-Rise Jeans,Flying Machine,0,0,2399,1559,"30,32,34,36,38",jeans/flying-machine/flying-machine-men-blue-michael-slim-tapered-fit-mid-rise-heavy-fade-stretchable-jeans/16746768/buy,"https://assets.myntassets.com/dpr_2,q_60,w_210,c_limit,fl_progressive/assets/images/16746768/2022/2/3/b6a8590c-03f6-4b2c-a018-99a7711d531b1643869439908-Flying-Machine-Men-Blue-Michael-Slim-Tapered-Fit-Mid-Rise-He-1.jpg",jeans,flying-machine,840,35
Men Nubuck Derbys,Woodland,4.5,33,3495,2796,UK11,casual-shoes/woodland/woodland-men-navy-blue-nubuck-derbys/8451905/buy,"https://assets.myntassets.com/dpr_2,q_60,w_210,c_limit,fl_progressive/assets/images/8451905/2021/2/9/229cdcc2-5ba9-44a8-bff0-4ae66641251d1612859623390-Woodland-Men-Navy-Blue-Nubuck-Derbys-8851612859622247-1.jpg",casual-shoes,woodland,699,20
Women Colourblocked Sheath Tie-Up Neck Dress,FableStreet,4.1,7,2895,2895,"XS,S,M,L,XL,XXL",dresses/fablestreet/fablestreet-women-black--white-colourblocked-tie-up-neck-formal-sheath-dress/17519308/buy,"https://assets.myntassets.com/dpr_2,q_60,w_210,c_limit,fl_progressive/assets/images/17519308/2022/3/14/b46aff61-0748-4d6e-a3fb-565470225c811647261770009FableStreetBlackFormalA-LineDress1.jpg",dresses,fablestreet,0,0
Women Printed Mojaris,Shoetopia,4.2,92,999,599,"EURO36,EURO37,EURO38,EURO39,EURO40,EURO41",flats/shoetopia/shoetopia-women-pink-printed-mojaris/15682040/buy,"https://assets.myntassets.com/dpr_2,q_60,w_210,c_limit,fl_progressive/assets/images/15682040/2021/10/11/8742f770-2a24-442f-8f26-a5bf77fd04db1633935465965-Shoetopia-Women-Pink-Printed-Mojaris-8871633935465873-7.jpg",flats,shoetopia,400,40
Girls Printed Night suit,Ed-a-Mamma,4.7,6,899,809,"2-3Y,3-4Y,4-5Y,5-6Y,6-7Y,7-8Y,8-9Y,9-10Y",night-suits/ed-a-mamma/ed-a-mamma-girls-peach-coloured-printed-pure-cotton-night-suit/15992578/buy,"https://assets.myntassets.com/dpr_2,q_60,w_210,c_limit,fl_progressive/assets/images/15992578/2021/11/2/1c312f52-48eb-470b-a0bb-9d26cb084b4a1635864263290Ed-a-MammaGirlsPeachGraphic1.jpg",night-suits,ed-a-mamma,90,10
Print Chiffon Top,aarke Ritu Kumar,4.3,8,2800,2800,"S,M,L,XL",tops/aarke-ritu-kumar/aarke-ritu-kumar-pink-printed-chiffon-top-with-camisole/17777104/buy,"https://assets.myntassets.com/dpr_2,q_60,w_210,c_limit,fl_progressive/assets/images/17777104/2022/4/18/719ca666-7bc1-468b-bf7a-85a588a317f61650278881699-aarke-Ritu-Kumar-Women-Tops-41650278881220-1.jpg",tops,aarke-ritu-kumar,0,0
Women Solid Trousers,MANGO,3.8,5,4590,4590,"26,28,30,32,34,36",trousers/mango/mango-women-black-solid-wide-leg-trousers/16892388/buy,"https://assets.myntassets.com/dpr_2,q_60,w_210,c_limit,fl_progressive/assets/images/16892388/2022/3/17/7607c5d4-4c19-439e-baa1-be29bfc4fd9e1647509512455-MANGO-Women-Trousers-6081647509512224-1.jpg",trousers,mango,0,0
Kids Pack Of 3 Thermal Sets,MANZON,3.9,138,1999,919,"3-4Y,4-5Y,5-6Y,6-7Y,7-8Y,8-9Y,9-10Y,10-11Y,11-12Y,12-13Y,13-14Y,14-15Y,15-16Y",thermal-set/manzon/manzon-kids-pack-of-3-multicoloured-solid-thermal-sets/16003708/buy,"https://assets.myntassets.com/dpr_2,q_60,w_210,c_limit,fl_progressive/assets/images/16003708/2021/11/29/c4c2b2f4-6e55-4012-b315-434a9e8190ee1638189390670-MANZON-Unisex-Kids-Thermal-Set-8121638189389733-1.jpg",thermal-set,manzon,1080,54
Women Fantasy Highlighter Blusher & Bronzer Face Palette,MARS,4.6,56,299,299,10-20 ML,highlighter-and-blush/mars/mars-women-fantasy-highlighter-blusher--bronzer-face-palette/16668994/buy,"https://assets.myntassets.com/dpr_2,q_60,w_210,c_limit,fl_progressive/assets/images/16668994/2022/1/3/6aa085aa-8ac3-43ec-a592-7140c4fb63ec1641224712155HighlighterandBlush1.jpg",highlighter-and-blush,mars,0,0
Training Rapid-Dry Tshirts,HRX by Hrithik Roshan,0,0,1099,769,"S,M,L,XL,XXL",tshirts/hrx-by-hrithik-roshan/hrx-by-hrithik-roshan-training-men-ai-aqua-rapid-dry-typography-tshirts/17861292/buy,"https://assets.myntassets.com/dpr_2,q_60,w_210,c_limit,fl_progressive/assets/images/17861292/2022/5/5/0a67dfe3-f21f-4141-aed4-7283037129cc1651736358900-HRX-by-Hrithik-Roshan-Men-Tshirts-1681651736358486-1.jpg",tshirts,hrx-by-hrithik-roshan,330,30
Men Branding Joggers,United Colors of Benetton,0,0,1649,1154,"S,M,L,XL",track-pants/united-colors-of-benetton/united-colors-of-benetton-men-green-branding-joggers/17565650/buy,"https://assets.myntassets.com/dpr_2,q_60,w_210,c_limit,fl_progressive/assets/images/17565650/2022/5/12/d10f48e0-3d74-4d63-9c30-bdb8f26d293c1652336080460-United-Colors-of-Benetton-Men-Green-Branding-Joggers-3471652-1.jpg",track-pants,united-colors-of-benetton,495,30
Men Regular Running Shoes,ASIAN,2.6,7,999,649,"UK6,UK7,UK8,UK9,UK10,UK11,UK12",sports-shoes/asian/asian-men-black-prime-02-mesh-regular-running-shoes/17665752/buy,"https://assets.myntassets.com/dpr_2,q_60,w_210,c_limit,fl_progressive/assets/images/17665752/2022/3/29/fc8722b6-2b36-44c0-aec3-1259fc2996711648531421518ASIANMenBlackSportsShoes1.jpg",sports-shoes,asian,350,35
Printed Round Neck T-shirt,Huetrap,3.9,214,1399,489,"XS,S,M,L,XL,XXL",tshirts/huetrap/huetrap-women-white-printed-round-neck-t-shirt/2330729/buy,"https://assets.myntassets.com/dpr_2,q_60,w_210,c_limit,fl_progressive/assets/images/2330729/2017/12/13/11513148273667-na-1181513148273520-1.jpg",tshirts,huetrap,910,65
300TC Bedsheet & Pillow Covers,Story@home,4.1,48,3999,2199,Double King,bedsheets/storyhome/storyhome-teal--black-geometric-300-tc-king-bedsheet-with-2-pillow-covers/14538504/buy,"https://assets.myntassets.com/dpr_2,q_60,w_210,c_limit,fl_progressive/assets/images/14538504/2022/4/7/9c35eb7c-857c-4ccc-b151-4d3e123a380c1649330699823StoryhomeTealBlackGeometric300TCKingBedsheetwith2PillowCover1.jpg",bedsheets,storyhome,1800,45
Women Solid Trousers,Marks & Spencer,4.3,10,3499,3324,"26,28,30,32,34,36",trousers/marks--spencer/marks--spencer-women-charcoal-grey-solid-trousers/17185208/buy,"https://assets.myntassets.com/dpr_2,q_60,w_210,c_limit,fl_progressive/assets/images/17185208/2022/3/25/f60496a9-6d1d-49bc-964b-1c7722068c6f1648180412545-Marks--Spencer-Women-Trousers-621648180411882-1.jpg",trousers,marks--spencer,175,5
Women Fantasy Highlighter Blusher & Bronzer Face Palette,MARS,4.6,56,299,299,10-20 ML,highlighter-and-blush/mars/mars-women-fantasy-highlighter-blusher--bronzer-face-palette/16668994/buy,"https://assets.myntassets.com/dpr_2,q_60,w_210,c_limit,fl_progressive/assets/images/16668994/2022/1/3/6aa085aa-8ac3-43ec-a592-7140c4fb63ec1641224712155HighlighterandBlush1.jpg",highlighter-and-blush,mars,0,0
Training Rapid-Dry Tshirts,HRX by Hrithik Roshan,0,0,1099,769,"S,M,L,XL,XXL",tshirts/hrx-by-hrithik-roshan/hrx-by-hrithik-roshan-training-men-ai-aqua-rapid-dry-typography-tshirts/17861292/buy,"https://assets.myntassets.com/dpr_2,q_60,w_210,c_limit,fl_progressive/assets/images/17861292/2022/5/5/0a67dfe3-f21f-4141-aed4-7283037129cc1651736358900-HRX-by-Hrithik-Roshan-Men-Tshirts-1681651736358486-1.jpg",tshirts,hrx-by-hrithik-roshan,330,30
Men Branding Joggers,United Colors of Benetton,0,0,1649,1154,"S,M,L,XL",track-pants/united-colors-of-benetton/united-colors-of-benetton-men-green-branding-joggers/17565650/buy,"https://assets.myntassets.com/dpr_2,q_60,w_210,c_limit,fl_progressive/assets/images/17565650/2022/5/12/d10f48e0-3d74-4d63-9c30-bdb8f26d293c1652336080460-United-Colors-of-Benetton-Men-Green-Branding-Joggers-3471652-1.jpg",track-pants,united-colors-of-benetton,495,30
Men Regular Running Shoes,ASIAN,2.6,7,999,649,"UK6,UK7,UK8,UK9,UK10,UK11,UK12",sports-shoes/asian/asian-men-black-prime-02-mesh-regular-running-shoes/17665752/buy,"https://assets.myntassets.com/dpr_2,q_60,w_210,c_limit,fl_progressive/assets/images/17665752/2022/3/29/fc8722b6-2b36-44c0-aec3-1259fc2996711648531421518ASIANMenBlackSportsShoes1.jpg",sports-shoes,asian,350,35
Printed Round Neck T-shirt,Huetrap,3.9,214,1399,489,"XS,S,M,L,XL,XXL",tshirts/huetrap/huetrap-women-white-printed-round-neck-t-shirt/2330729/buy,"https://assets.myntassets.com/dpr_2,q_60,w_210,c_limit,fl_progressive/assets/images/2330729/2017/12/13/11513148273667-na-1181513148273520-1.jpg",tshirts,huetrap,910,65
300TC Bedsheet & Pillow Covers,Story@home,4.1,48,3999,2199,Double King,bedsheets/storyhome/storyhome-teal--black-geometric-300-tc-king-bedsheet-with-2-pillow-covers/14538504/buy,"https://assets.myntassets.com/dpr_2,q_60,w_210,c_limit,fl_progressive/assets/images/14538504/2022/4/7/9c35eb7c-857c-4ccc-b151-4d3e123a380c1649330699823StoryhomeTealBlackGeometric300TCKingBedsheetwith2PillowCover1.jpg",bedsheets,storyhome,1800,45
Women Solid Trousers,Marks & Spencer,4.3,10,3499,3324,"26,28,30,32,34,36",trousers/marks--spencer/marks--spencer-women-charcoal-grey-solid-trousers/17185208/buy,"https://assets.myntassets.com/dpr_2,q_60,w_210,c_limit,fl_progressive/assets/images/17185208/2022/3/25/f60496a9-6d1d-49bc-964b-1c7722068c6f1648180412545-Marks--Spencer-Women-Trousers-621648180411882-1.jpg",trousers,marks--spencer,175,5
Pack of 3 Assorted Bikini,Jockey,4.1,654,498,498,"S,M,L",briefs/jockey/jockey-women-pack-of-3-assorted-bikini-briefs-1410-0310-lastd/13975632/buy,"https://assets.myntassets.com/dpr_2,q_60,w_210,c_limit,fl_progressive/assets/images/13975632/2021/4/28/4fe1156f-9ef2-4be8-8739-ebdff0854fad1619594512611-Jockey-Women-Assorted-Pack-of-3-Bikini-Briefs-1410-0310-LAST-1.jpg",briefs,jockey,0,0
Women Loose Sports T-shirt,UNDER ARMOUR,0,0,1999,1999,"XS,S,M,L,XL",tshirts/under-armour/under-armour-women-pink-brand-logo-print-loose-sport-t-shirt/17579394/buy,"https://assets.myntassets.com/dpr_2,q_60,w_210,c_limit,fl_progressive/assets/images/17579394/2022/4/29/b8b7bb27-1596-4534-b868-6341ce1ade3e1651211217991TechTwistScriptLogoSSC1.jpg",tshirts,under-armour,0,0
Women Open Toe Flats,Metro,0,0,1690,1183,"EURO36,EURO37,EURO38,EURO39,EURO40,EURO41",flats/metro/metro-women-pink-open-toe-flats/18324520/buy,"https://assets.myntassets.com/dpr_2,q_60,w_210,c_limit,fl_progressive/assets/images/18324520/2022/5/19/b6e7d048-27db-4021-b424-116b143363901652936365089MetroWomenPinkOpenToeFlats1.jpg",flats,metro,507,30
Men Slim Fit Jeans,Duke,0,0,2499,1749,"30,32,34,36,38",jeans/duke/duke-men-blue-slim-fit-light-fade-stretchable-jeans/18000302/buy,"https://assets.myntassets.com/dpr_2,q_60,w_210,c_limit,fl_progressive/assets/images/18000302/2022/4/22/2ebde178-2d5b-4df6-bf79-c701d60768a81650634778945DukeMenBlueSlimFitLightFadeStretchableJeans1.jpg",jeans,duke,750,30
Men Slim Tapered Fit Jeans,Roadster,4.3,8,2699,1619,"28,30,32,34,36",jeans/roadster/roadster-men-navy-blue-slim-tapered-fit-light-fade-stretchable-jeans/17399770/buy,"https://assets.myntassets.com/dpr_2,q_60,w_210,c_limit,fl_progressive/assets/images/17399770/2022/4/12/0b9a5615-95a8-425f-9dab-e11c274c99bb1649760265694-Roadster-Men-Jeans-9631649760265052-1.jpg",jeans,roadster,1080,40
Mattifying Face Toner 120 ml,Biotique,4.4,2200,220,220,120-140 ML,toner/biotique/biotique-advanced-organics-tea-tree-skin-clearing-mattifying-face-toner-120-ml/12678938/buy,"https://assets.myntassets.com/dpr_2,q_60,w_210,c_limit,fl_progressive/assets/images/12678938/2021/8/11/33fecb96-a3e0-4175-920b-112f5da8fbba1628671254428BiotiqueAdvancedOrganicsTeaTreeSkinClearingMattifyingFaceTon1.jpg",toner,biotique,0,0
Women Printed Palazzos,Miaz Lifestyle,0,0,999,599,"28,30,32,34,36,38,40",palazzos/miaz-lifestyle/miaz-lifestyle-women-white--gold-toned-ethnic-motifs-printed-palazzos/18151788/buy,"https://assets.myntassets.com/dpr_2,q_60,w_210,c_limit,fl_progressive/assets/images/18151788/2022/5/5/662ac263-ce59-45ea-ad79-18333659d0451651740628189MiazLifestyleWomenWhitePalazzos1.jpg",palazzos,miaz-lifestyle,400,40
Women Cut-out Top,H&M,4.5,10,999,999,"XXS,XS,S,M,L,XL",tops/hm/hm-women-orange-lacing-detail-cut-out-crop-top/17883598/buy,"https://assets.myntassets.com/dpr_2,q_60,w_210,c_limit,fl_progressive/assets/images/17883598/2022/4/14/b70f7912-cec1-4c7b-aaf9-e06429e7e1461649904820194Lacing-detailcut-outtop1.jpg",tops,hm,0,0
Quilted Handheld Bag,Lino Perros,4.6,309,4495,1663,Onesize,handbags/lino-perros/lino-perros-pink-quilted-handheld-bag/8376989/buy,"https://assets.myntassets.com/dpr_2,q_60,w_210,c_limit,fl_progressive/assets/images/8376989/2019/1/9/27bf2ac8-ddb7-4df0-8618-bfd600fb32661547016414086-Lino-Perros-Pink-Leatherette-Handbag-6251547016412365-1.jpg",handbags,lino-perros,2832,63
Solid A-Line Midi Dress,DressBerry,0,0,1899,759,"XS,S,M,L,XL",dresses/dressberry/dressberry-women-green-solid-a-line-midi-dress/16183872/buy,"https://assets.myntassets.com/dpr_2,q_60,w_210,c_limit,fl_progressive/assets/images/16183872/2022/6/4/dec66d7e-8181-4529-8989-5e81cda9ac711654329053470-DressBerry-Green-A-Line-Midi-Dress-9361654329053030-1.jpg",dresses,dressberry,1140,60
Abstract Sleeveless Top,La Aimee,0,0,1199,839,"S,M,L,XL,XXL,3XL,4XL,5XL",tops/la-aimee/la-aimee-women-stylish-black-abstract-sleeveless-top/17728586/buy,"https://assets.myntassets.com/dpr_2,q_60,w_210,c_limit,fl_progressive/assets/images/17728586/2022/4/1/15371bad-e966-4b64-bbba-964bf2fee3461648816158248LaAimeeBlackPrintTop1.jpg",tops,la-aimee,360,30
Men Espadrilles,FRATERNITY,0,0,2199,999,"UK6,UK7,UK8,UK9,UK10,UK11",casual-shoes/fraternity/fraternity-men-black-espadrilles/18596950/buy,"https://assets.myntassets.com/dpr_2,q_60,w_210,c_limit,fl_progressive/assets/images/18596950/2022/6/3/54590a39-07be-4ad2-97ef-d8d4b98e47a61654274752794FRATERNITYMenBlackEspadrilles1.jpg",casual-shoes,fraternity,1200,54
Grand Finale Dewy Setting Mist,SUGAR,4.4,594,699,699,Onesize,foundation-and-primer/sugar/sugar-grand-finale-dewy-setting-mist---50-ml/12468510/buy,"https://assets.myntassets.com/dpr_2,q_60,w_210,c_limit,fl_progressive/assets/images/12468510/2022/4/25/ac4edcd7-42d3-43e5-a6cb-ffeb9981f2ea1650869496274SUGARGrandFinaleDewySettingMist-50ml1.jpg",foundation-and-primer,sugar,0,0
Men Running Shoes,OFF LIMITS,0,0,1999,1279,"UK6,UK7,UK8,UK9",sports-shoes/off-limits/off-limits-men-white-ashwa-ii-running-non-marking-shoes/16285432/buy,"https://assets.myntassets.com/dpr_2,q_60,w_210,c_limit,fl_progressive/assets/images/16285432/2022/4/28/08c72b69-dd19-485c-a5cf-4c2cf9783fb01651127654443OFFLIMITSMenWhiteASHWAIIRunningNon-MarkingShoes1.jpg",sports-shoes,off-limits,720,36
Printed Cardigan Sweater,Rigo,3.3,90,1499,479,"M,L,XL",sweaters/rigo/rigo-men-charcoal-printed-cardigan-sweater/12652168/buy,"https://assets.myntassets.com/dpr_2,q_60,w_210,c_limit,fl_progressive/assets/images/productimage/2020/10/3/53114715-6f8b-423f-8ae2-36f6b54ceec41601682453004-1.jpg",sweaters,rigo,1020,68
Zip Detail Three Fold Wallet,Baggit,4.5,89,890,560,S,wallets/baggit/baggit-women-dark-beige--grey-solid-zip-detail-three-fold-wallet/16692460/buy,"https://assets.myntassets.com/dpr_2,q_60,w_210,c_limit,fl_progressive/assets/images/16692460/2022/3/30/4f9d3278-6d61-4660-b5eb-faa2d80b96d21648617784882-Baggit-Women-Dark-Beige--Grey-Solid-Zip-Detail-Three-Fold-Wa-1.jpg",wallets,baggit,330,37
Bodycon Dress,Ginger by Lifestyle,0,0,1299,1299,"XS,S,M,L,XL",dresses/ginger-by-lifestyle/ginger-by-lifestyle-pink-bodycon-dress/18499780/buy,"https://assets.myntassets.com/dpr_2,q_60,w_210,c_limit,fl_progressive/assets/images/18499780/2022/5/29/7bfb282d-2c07-4846-885e-454ddad5552e1653764772534GingerbyLifestylePinkDressesNylon1.jpg",dresses,ginger-by-lifestyle,0,0
Women Floral Embroidered Georgette Kurta,Soch,0,0,2998,2248,"S,M,L,XL,XXL",kurtas/soch/soch-women-blue--white-floral-embroidered-georgette-kurta/16471060/buy,"https://assets.myntassets.com/dpr_2,q_60,w_210,c_limit,fl_progressive/assets/images/16471060/2021/12/11/e0070225-afdd-4a9b-94bf-63c87e764ce11639197065606SochWomenBlueGeometricKeyholeNeckChikankariGeorgetteKurta1.jpg",kurtas,soch,750,25
Men Striped Chinos,Tommy Hilfiger,4.6,5,6999,4899,"30,32,34,36,38",trousers/tommy-hilfiger/tommy-hilfiger-men-olive-green-striped-chinos/14590536/buy,"https://assets.myntassets.com/dpr_2,q_60,w_210,c_limit,fl_progressive/assets/images/14590536/2022/3/17/3787535e-a0d2-4b66-88b5-dee5ffd90b611647500161388-Tommy-Hilfiger-Men-Trousers-3931647500160810-1.jpg",trousers,tommy-hilfiger,2100,30
Solid Turtle Neck Crop Top,Friskers,4.3,26,869,477,"XS,S,M,L,XL",tops/friskers/friskers-black-solid-turtle-neck-crop-fitted-top/17570088/buy,"https://assets.myntassets.com/dpr_2,q_60,w_210,c_limit,fl_progressive/assets/images/17570088/2022/3/17/b7562c37-c926-4c40-afc0-25a5809e2c441647522725943FriskersBlackTop1.jpg",tops,friskers,392,45
Camouflage Print Cotton Shirt,Roadster,3.3,8,1899,664,"38,40,42,44",shirts/roadster/roadster-men-olive-green-camouflage-print-pure-cotton-casual-shirt/14878240/buy,"https://assets.myntassets.com/dpr_2,q_60,w_210,c_limit,fl_progressive/assets/images/14878240/2022/1/21/650d5c72-b685-4ae0-bbab-e5880fcb63871642748204160-Roadster-Men-Shirts-1571642748203491-1.jpg",shirts,roadster,1235,65
Men Pure Cotton Casual Shirt,Louis Philippe Jeans,0,0,2799,2379,"39,40,42",shirts/louis-philippe-jeans/louis-philippe-jeans-men-green-slim-fit-checked-pure-cotton-casual-shirt/17578750/buy,"https://assets.myntassets.com/dpr_2,q_60,w_210,c_limit,fl_progressive/assets/images/17578750/2022/4/26/9edc1ed3-291b-44f5-9bb5-fe92b7b5ba4c1650954903479-Louis-Philippe-Jeans-Men-Shirts-4171650954902928-1.jpg",shirts,louis-philippe-jeans,420,15
Crop Tailored Jacket,SASSAFRAS,4.7,18,2999,899,"XS,S,M,L,XL,XXL",jackets/sassafras/sassafras-women-silver-toned-crop-tailored-jacket/15790672/buy,"https://assets.myntassets.com/dpr_2,q_60,w_210,c_limit,fl_progressive/assets/images/15790672/2021/10/27/70f17b6e-befe-40b8-bd90-3dd79ec75f1c1635339193465IndoEraPinkWovenStraightKurtaSareesSharaaETHNICAWomenSareesS1.jpg",jackets,sassafras,2100,70
Textured Box Clutch,Lavie,4.5,12,1999,1199,L,clutches/lavie/lavie-red-textured-box-clutch/17496982/buy,"https://assets.myntassets.com/dpr_2,q_60,w_210,c_limit,fl_progressive/assets/images/17496982/2022/3/12/df99f86a-1957-49a8-aa10-36fdae7744441647081135273LavieWomenRedClutches1.jpg",clutches,lavie,800,40
Printed A-Line Kurta & Jacket,Vishudh,4.3,101,3999,1879,"S,M,L,XL,XXL",kurtas/vishudh/vishudh-women-yellow--off-white-ethnic-motifs-printed-a-line-kurta-with-jacket/15639862/buy,"https://assets.myntassets.com/dpr_2,q_60,w_210,c_limit,fl_progressive/assets/images/15639862/2021/9/27/99ed8ec1-c079-481d-bbf7-846b2c6747621632735846100VishudhWomenYellowEthnicMotifsPrintedKeyholeNeckAnarkaliKurt6.jpg",kurtas,vishudh,2120,53
Men Driving Shoes,Fentacia,4.3,77,4499,944,"UK6,UK7,UK8,UK9,UK10,UK11",casual-shoes/fentacia/fentacia-men-brown-driving-shoes/15460910/buy,"https://assets.myntassets.com/dpr_2,q_60,w_210,c_limit,fl_progressive/assets/images/15460910/2021/9/15/a3ce06a1-823f-4922-9709-b9c02e200f541631695764041FentaciaMenBrownLoafers1.jpg",casual-shoes,fentacia,3555,79
Women High-Rise Belted Jeans,URBANIC,4.4,42,1990,995,"24,26,28,30",jeans/urbanic/urbanic-women-blue-high-rise-belted--jeans/16262952/buy,"https://assets.myntassets.com/dpr_2,q_60,w_210,c_limit,fl_progressive/assets/images/16262952/2022/1/19/565c6635-95b6-43dd-ab80-c5c7f6482f651642566659501-URBANIC-Women-Jeans-8511642566658679-1.jpg",jeans,urbanic,995,50
Men Slim Fit Chino Shorts,United Colors of Benetton,0,0,1999,1399,"28,30,32,34,36,38,40",shorts/united-colors-of-benetton/united-colors-of-benetton-men-grey-solid-slim-fit-chino-shorts/17784070/buy,"https://assets.myntassets.com/dpr_2,q_60,w_210,c_limit,fl_progressive/assets/images/17784070/2022/5/20/484bd8c5-7695-4f4c-ac17-59e3f22361b41653018291547-United-Colors-of-Benetton-Men-Teal-Slim-Fit-Chino-Shorts-923-1.jpg",shorts,united-colors-of-benetton,600,30
Women One Toe Flats,Roadster,4.2,10,1999,999,"EURO36,EURO37,EURO38,EURO39,EURO40,EURO41",flats/roadster/roadster-women-white-solid-one-toe-flats/7196509/buy,"https://assets.myntassets.com/dpr_2,q_60,w_210,c_limit,fl_progressive/assets/images/7196509/2022/6/14/4d5956d3-acc3-4f20-9686-9c02d8bc77b81655206556605-Roadster-Women-White-Solid-One-Toe-Flats-8741655206556293-1.jpg",flats,roadster,1000,50
Women Textured Purse Clutch,Mochi,0,0,1290,903,Onesize,clutches/mochi/mochi-women-maroon-textured-purse-clutch/18237638/buy,"https://assets.myntassets.com/dpr_2,q_60,w_210,c_limit,fl_progressive/assets/images/18237638/2022/5/12/df182f7b-b92a-44e4-be60-5f31a838971d1652301322058Clutches1.jpg",clutches,mochi,387,30
Ethnic Maxi Dress,W,4.1,21,4999,2499,"XS,S,M,L,XL,XXL,3XL",dresses/w/w-mustard-yellow-ethnic-motifs-printed-maxi-dress/16018200/buy,"https://assets.myntassets.com/dpr_2,q_60,w_210,c_limit,fl_progressive/assets/images/16018200/2021/11/8/1cc86420-c6de-4edf-a2f7-1ac64318212f1636364911145WYellowEthnicMotifsTie-UpNeckEthnicMaxiDress1.jpg",dresses,w,2500,50
Velvet Kaftan Dress,Shae by SASSAFRAS,4.4,54,2199,879,"XS,S,M,L,XL,XXL",dresses/shae-by-sassafras/shae-by-sassafras-purple-fringed-velvet-foil-print-kaftan-dress/15980890/buy,"https://assets.myntassets.com/dpr_2,q_60,w_210,c_limit,fl_progressive/assets/images/15980890/2021/11/17/e50c08ce-8c3d-42bb-8591-8cf613196d601637123447174mokshiGreenCheckedArtSilkDupattawithZariKurtaSetsDivenaWomen1.jpg",dresses,shae-by-sassafras,1320,60
Slim Fit Cotton Formal Shirt,Blackberrys,0,0,2195,2195,"38,39,40,42,44,46",shirts/blackberrys/blackberrys-men-blue-slim-fit-printed-pure-cotton-formal-shirt/17859988/buy,"https://assets.myntassets.com/dpr_2,q_60,w_210,c_limit,fl_progressive/assets/images/17859988/2022/5/28/795b1aa7-c0e6-48ce-8d52-8e1db90758eb1653715039781-Blackberrys-Men-Shirts-2561653715039231-1.jpg",shirts,blackberrys,0,0
Women Embroidered Kurta Set,Jaipur Kurti,3.9,2300,2549,1147,"S,M,L,XL,XXL,3XL",kurta-sets/jaipur-kurti/jaipur-kurti-women-purple-embroidered-kurta-with-trousers/10717938/buy,"https://assets.myntassets.com/dpr_2,q_60,w_210,c_limit,fl_progressive/assets/images/10717938/2019/11/13/d1a5a686-71d2-4a92-93dc-a430b657c14e1573631419369-Jaipur-Kurti-Women-Kurta-Sets-1191573631415387-1.jpg",kurta-sets,jaipur-kurti,1402,55
Ethnic Motifs Maxi Dress,GERUA,4.3,7,1699,679,"XS,S,M,L,XL,XXL",dresses/gerua/gerua-green-ethnic-motifs-maxi-dress/15931670/buy,"https://assets.myntassets.com/dpr_2,q_60,w_210,c_limit,fl_progressive/assets/images/15931670/2021/10/26/38b904fb-a606-47e8-b8e5-9c3fa164c6c81635243097140GERUAGreenEthnicMotifsTie-UpNeckMaxiDress1.jpg",dresses,gerua,1020,60
Solid Straight Kurta,ZIYAA,3.6,284,1641,607,"S,M,L,XL,XXL,3XL",kurtas/ziyaa/ziyaa-women-black-solid-straight-kurta/12705450/buy,"https://assets.myntassets.com/dpr_2,q_60,w_210,c_limit,fl_progressive/assets/images/productimage/2020/10/10/290498ec-075e-4117-88f4-275a1cb4a24c1602280851100-1.jpg",kurtas,ziyaa,1034,63
Men Printed Brief,Pepe Jeans,4.8,18,299,269,"M,L",briefs/pepe-jeans/pepe-jeans-men-blue-printed-cotton-brief---clb05true-blue-aop-4-s/17871920/buy,"https://assets.myntassets.com/dpr_2,q_60,w_210,c_limit,fl_progressive/assets/images/17871920/2022/4/13/f96fea23-cb9a-42a6-9763-2c79c9a9b0061649831914328Briefs1.jpg",briefs,pepe-jeans,30,10
Men Cotton Regular Fit Jeans,Mast & Harbour,3.4,35,1999,899,"28,30,32,34,36",jeans/mast--harbour/mast--harbour-men-light-blue-pure-cotton-regular-fit-stretchable-jeans/14962702/buy,"https://assets.myntassets.com/dpr_2,q_60,w_210,c_limit,fl_progressive/assets/images/14962702/2022/2/8/2c60f948-ff48-47b3-a7f8-e12e8bcda7dd1644310435646-Mast--Harbour-Men-Trousers-7901644310435010-1.jpg",jeans,mast--harbour,1100,55
Twist Script Logo T-shirt,UNDER ARMOUR,0,0,1999,1999,"XS,S,M,L,XL",tshirts/under-armour/under-armour-women-blue-ua-tech-twist-script-logo-t-shirt/18038380/buy,"https://assets.myntassets.com/dpr_2,q_60,w_210,c_limit,fl_progressive/assets/images/18038380/2022/6/9/de702af1-8b7f-4f4a-bc25-a28188411c131654775340003-Tech-Twist-Script-Logo-SSC-8721654775339589-1.jpg",tshirts,under-armour,0,0
Solid Structured Handheld Bag,Allen Solly,4.3,12,2999,2399,Onesize,handbags/allen-solly/allen-solly-nude-coloured-solid-structured-handheld-bag/17630364/buy,"https://assets.myntassets.com/dpr_2,q_60,w_210,c_limit,fl_progressive/assets/images/17630364/2022/4/7/da1dfe3e-86c9-4408-b34b-7eb16bf6d3ec1649310661565-Allen-Solly-Women-Handbags-1641649310661083-1.jpg",handbags,allen-solly,600,20
Unisex Brand Logo Backpack,Metronaut,4.2,285,1549,542,Onesize,backpacks/metronaut/metronaut-unisex-grey--black-brand-logo-backpack/11965622/buy,"https://assets.myntassets.com/dpr_2,q_60,w_210,c_limit,fl_progressive/assets/images/11965622/2020/6/25/f16a57d7-ade2-4806-8960-3cd840a87b6c1593079163092MetronautUnisexGreyBlackBrandLogoBackpack1.jpg",backpacks,metronaut,1007,65
Polyester Boxy Top,ether,4.1,553,1099,494,"S,M,L,XL",tops/ether/ether-pink-polyester-boxy-top/1297703/buy,"https://assets.myntassets.com/dpr_2,q_60,w_210,c_limit,fl_progressive/assets/images/1297703/2019/3/8/b448a468-8371-4bb1-b8fa-b08d6b5e1ece1552035183656-ETHER-Pink-Polyester-Boxy-Top-8831552035182454-1.jpg",tops,ether,605,55
Solid Chambray Skirt,SASSAFRAS,4,23,1599,639,"26,28,30,32,34",skirts/sassafras/sassafras-stunning-blue-solid-chambray-skirt/16707894/buy,"https://assets.myntassets.com/dpr_2,q_60,w_210,c_limit,fl_progressive/assets/images/16707894/2022/1/20/cd0d6227-7b3f-4277-916a-ef5c188c01a91642656515124-SASSAFRAS-Women-Skirts-6921642656514600-1.jpg",skirts,sassafras,960,60
Multi Striped Casual Shirt,MANGO,3.5,6,3590,3590,"XS,S,M,L,XL",shirts/mango/mango-women-white--black-multi-striped-casual-shirt/16892478/buy,"https://assets.myntassets.com/dpr_2,q_60,w_210,c_limit,fl_progressive/assets/images/16892478/2022/3/17/7cb77694-fd86-43ea-9816-071475973da81647509651158-MANGO-Women-Shirts-3441647509650883-1.jpg",shirts,mango,0,0
Set of 2  Printed Abstract Wood  Wall Art,The Art House,0,0,3499,1749,Onesize,wall-art/the-art-house/-the-art-house-set-of-2--yellow--green-printed-abstract-wood-wall-art/18564574/buy,"https://assets.myntassets.com/dpr_2,q_60,w_210,c_limit,fl_progressive/assets/images/18564574/2022/6/2/10a7d93d-8c9e-41a9-857a-2a6d5d64d8111654174137684ABSTRACTPAINTING20X30INCHES1.jpg",wall-art,the-art-house,1750,50
Boys Pure Cotton Shorts,U.S. Polo Assn. Kids,4.9,8,999,999,"1-2Y,2-3Y,3-4Y,4-5Y,6-7Y,8-9Y,9-10Y,10-11Y,11-12Y,13-14Y",shorts/us-polo-assn-kids/uspolo-assn-kids-boys-blue-printed-pure-cotton-shorts/17616498/buy,"https://assets.myntassets.com/dpr_2,q_60,w_210,c_limit,fl_progressive/assets/images/17616498/2022/5/5/084b9cd7-5e28-40e8-8175-9c8d223c8f691651730326583-U-S-Polo-Assn-Kids-Boys-Blue-Printed-Shorts-311651730326030-1.jpg",shorts,us-polo-assn-kids,0,0
Men Lifestyle Track Pants,HRX by Hrithik Roshan,3.8,19,2099,1259,"S,M,L,XL,XXL",track-pants/hrx-by-hrithik-roshan/hrx-by-hrithik-roshan-lifestyle-men-wet-weather-bio-wash-typography-track-pants/14703656/buy,"https://assets.myntassets.com/dpr_2,q_60,w_210,c_limit,fl_progressive/assets/images/14703656/2021/12/7/795372c7-62d4-43d7-bf66-57f025f99a9f1638855545568-HRX-By-Hrithik-Roshan-Lifestyle-Men-Wet-Weather-Bio-Wash-Typ-1.jpg",track-pants,hrx-by-hrithik-roshan,840,40
Solid Hooded Dry CELL Sporty,Puma,4.2,5,3799,1709,"S,M,L,XL",jackets/puma/puma-women-intense-red-solid-hooded-dry-cell-technology-regular-sporty-jacket/17065622/buy,"https://assets.myntassets.com/dpr_2,q_60,w_210,c_limit,fl_progressive/assets/images/17065622/2022/2/18/f7beba63-0c74-46ff-ad6a-907d8c0c45e41645186233936-Puma-Women-Jackets-8271645186233377-1.jpg",jackets,puma,2090,55
Men Carrot Fit Jeans,Roadster,3.7,33,1899,664,"28,30,32,34,36",jeans/roadster/roadster-men-charcoal-grey-carrot-fit-light-fade-jeans/14637776/buy,"https://assets.myntassets.com/dpr_2,q_60,w_210,c_limit,fl_progressive/assets/images/14637776/2022/1/11/3943036c-d2a5-448f-8e73-c250876a44b81641886436029-Roadster-Men-Jeans-8291641886435373-1.jpg",jeans,roadster,1235,65
Men Michael Slim Tapered Jeans,Flying Machine,4.2,5,2399,1559,"30,32,34,36,38",jeans/flying-machine/flying-machine-men-blue-michael-slim-tapered-fit-light-fade-stretchable-jeans/16746804/buy,"https://assets.myntassets.com/dpr_2,q_60,w_210,c_limit,fl_progressive/assets/images/16746804/2022/2/9/f3308e06-a2d2-4706-8cfe-736f9826d9131644399219308-Flying-Machine-Men-Blue-Jackson-Slim-Fit-Light-Fade-Stretcha-1.jpg",jeans,flying-machine,840,35
Men Mickey Mouse T-shirt,VEIRDO,0,0,1199,599,"S,M,L,XL,XXL,3XL",tshirts/veirdo/veirdo-men-white--black-mickey-mouse-printed-cotton-t-shirt/18277950/buy,"https://assets.myntassets.com/dpr_2,q_60,w_210,c_limit,fl_progressive/assets/images/18277950/2022/5/16/3975429d-6cce-4b40-be0a-72df68d379531652691707762VEIRDOMenWhiteMickeyMousePrintedV-NeckT-shirt1.jpg",tshirts,veirdo,600,50
Unisex Arial DC Backpack,Wildcraft,4.2,28,2499,2124,Onesize,backpacks/wildcraft/wildcraft-unisex-blue-graphic-arial-dc-backpack/18169100/buy,"https://assets.myntassets.com/dpr_2,q_60,w_210,c_limit,fl_progressive/assets/images/18169100/2022/5/12/0b0164c2-fcd9-483d-af3f-2a2e0cd44fea1652362220378-Arial-DC_BP-BLU_P_JQR-5321652362219687-1.jpg",backpacks,wildcraft,375,15
Women Analogue Watch,Fossil,4.8,11,9995,6996,Onesize,watches/fossil/fossil-women-silver-toned-analogue-watch-es4744/10960440/buy,"https://assets.myntassets.com/dpr_2,q_60,w_210,c_limit,fl_progressive/assets/images/productimage/2019/11/11/35301a20-f700-4458-af73-6c8ed30ecccb1573467241078-1.jpg",watches,fossil,2999,30
Solid Shoulder Bag,Mast & Harbour,4.3,311,3199,1759,Onesize,handbags/mast--harbour/mast--harbour-blue-solid-shoulder-bag/2238045/buy,"https://assets.myntassets.com/dpr_2,q_60,w_210,c_limit,fl_progressive/assets/images/2238045/2018/2/13/11518502691665-Mast--Harbour-Blue-Solid-Shoulder-Bag-711518502691439-1.jpg",handbags,mast--harbour,1440,45
Men Handcrafted Finger Ring,Roadster,3.3,58,700,280,Onesize,ring/roadster/roadster-men-silver--black-silver-plated-snake-textured-handcrafted-adjustable-finger-ring/15300216/buy,"https://assets.myntassets.com/dpr_2,q_60,w_210,c_limit,fl_progressive/assets/images/15300216/2021/11/23/19c0ff0a-9133-4a8e-9de0-e9332dbda9ba1637662340646RoadsterMenSilverBlackSilver-PlatedSnakeTexturedHandcraftedA1.jpg",ring,roadster,420,60
Heavily Padded Pushup Bra,DEALSEVEN FASHION,0,0,499,399,"30,32,34,36",bra/dealseven-fashion/dealseven-fashion-red-underwired-heavily-padded-pushup-bra/18330018/buy,"https://assets.myntassets.com/dpr_2,q_60,w_210,c_limit,fl_progressive/assets/images/18330018/2022/5/19/01105db2-186a-471d-8ae0-f57de1d801241652948039896DEALSEVENFASHIONWomenRedBra1.jpg",bra,dealseven-fashion,100,20
Digital Print Anarkali Kurta,Soch,0,0,2998,2248,"S,M,L,XL",kurtas/soch/soch-women-black-digital-print-anarkali-art-silk-flared-fit-kurta/17231960/buy,"https://assets.myntassets.com/dpr_2,q_60,w_210,c_limit,fl_progressive/assets/images/17231960/2022/5/6/d5136813-7454-4260-9b44-ea153f148b071651812396785SochWomenBlackDigitalPrintAnarkaliFlaredFitKurta1.jpg",kurtas,soch,750,25
Men Loafers,Sir Corbett,4.2,407,2699,809,"UK6,UK7,UK8,UK9,UK10,UK11,UK12",casual-shoes/sir-corbett/sir-corbett-men-black-loafers/9966813/buy,"https://assets.myntassets.com/dpr_2,q_60,w_210,c_limit,fl_progressive/assets/images/9966813/2021/11/18/7da15be5-6847-42ca-b2ad-2556403e65d51637245372269-Sir-Corbett-Men-Black-Loafers-3691637245372194-17.jpg",casual-shoes,sir-corbett,1890,70
Girls Pure CottonKurta,House of Pataudi,4.3,12,1399,1399,"8-9Y,10-11Y,11-12Y,13-14Y",kurtas/house-of-pataudi/house-of-pataudi-girls-green-pure-cotton-ethnic-motifs-printed-kurta/15977406/buy,"https://assets.myntassets.com/dpr_2,q_60,w_210,c_limit,fl_progressive/assets/images/15977406/2022/3/4/9110cc17-657e-424b-bc01-605e4aa4f4821646391112546-House-of-Pataudi-Girls-Green-Pure-Cotton-Ethnic-Motifs-Print-1.jpg",kurtas,house-of-pataudi,0,0
Women Croc Textured Flats,DressBerry,4.3,32,1799,539,"EURO36,EURO37,EURO38,EURO39,EURO40,EURO41",flats/dressberry/dressberry-women-red-croc-textured-one-toe-flats/13927788/buy,"https://assets.myntassets.com/dpr_2,q_60,w_210,c_limit,fl_progressive/assets/images/13927788/2021/9/13/3a1efc77-7b5f-4dc3-938b-5fdf7fb3d1931631506909712-DressBerry-Women-Flats-8881631506909328-1.jpg",flats,dressberry,1260,70
Solid Saree,Pothys,0,0,1160,580,Onesize,sarees/pothys/pothys-pink-solid-saree/17577050/buy,"https://assets.myntassets.com/dpr_2,q_60,w_210,c_limit,fl_progressive/assets/images/17577050/2022/4/23/62196eca-0433-42df-bf91-505e2387651f1650696295310-Pothys-Pink-Solid-Saree-5831650696294657-1.jpg",sarees,pothys,580,50
Sunscreen Matte Finish SPF 35,WOW SKIN SCIENCE,4.3,396,375,277,50-100 ML,sunscreen/wow-skin-science/wow-skin-science-sunscreen-matte-finish-spf-35-pa-with-avocado-oil/13858506/buy,"https://assets.myntassets.com/dpr_2,q_60,w_210,c_limit,fl_progressive/assets/images/13858506/2022/4/7/6643469d-b0b3-4696-909a-e224e5cb51401649330248717WOWSKINSCIENCESunscreenMatteFinishSPF35PAwithAvocadoOil2.jpg",sunscreen,wow-skin-science,98,26
Men Floral Cotton Cargo Shorts,Marks & Spencer,0,0,2999,2399,"30,32,34,36,38,40,42,44",shorts/marks--spencer/marks--spencer-men-blue-floral-printed-pure-cotton-regular-fit-cargo-shorts/18482056/buy,"https://assets.myntassets.com/dpr_2,q_60,w_210,c_limit,fl_progressive/assets/images/18482056/2022/6/7/a0823e9c-be65-4319-9542-e320f82f77221654602181036-Marks--Spencer-Men-Blue-Floral-Printed-Cargo-Shorts-96165460-1.jpg",shorts,marks--spencer,600,20
Women Printed Fringe Cover Ups,URBANIC,0,0,1090,981,Onesize,swimwear/urbanic/-urbanic-women-navy-blue---orange-printed-fringe-cover-ups-/18543632/buy,"https://assets.myntassets.com/dpr_2,q_60,w_210,c_limit,fl_progressive/assets/images/18543632/2022/6/1/8d96faeb-1bc6-4dbe-ba55-6bdc9089d8de1654097186301URBANICWomenNavyBlueOrangePrintedFringeCoverUps1.jpg",swimwear,urbanic,109,10
Cotton Yoke Design Kurta Set,Biba,4.2,43,2999,2549,"S,M,L,XL,XXL",kurta-sets/biba/biba-women-peach-coloured-floral-yoke-design-pure-cotton-kurta-with-palazzos/17952182/buy,"https://assets.myntassets.com/dpr_2,q_60,w_210,c_limit,fl_progressive/assets/images/17952182/2022/5/17/b4ac5d61-2b83-4fce-b29a-79c982c85a1f1652764566101-Biba-Women-Kurta-Sets-6081652764565364-1.jpg",kurta-sets,biba,450,15
Men Sports Shorts,Puma,4.1,22,2999,2399,"30,32,34,36,38",shorts/puma/puma-men-black-formknit-seamless-7-sports-shorts/16878328/buy,"https://assets.myntassets.com/dpr_2,q_60,w_210,c_limit,fl_progressive/assets/images/16878328/2022/3/14/74761c20-cb24-4961-8082-762ef028563e1647255770708-Puma-Men-Shorts-8561647255770047-1.jpg",shorts,puma,600,20
Casual Shirt,U.S. Polo Assn. Denim Co.,4,6,2299,1724,"38,40,42,44,46",shirts/us-polo-assn-denim-co/u-s-polo-assn-denim-co-men-maroon-checked-casual-shirt/16342342/buy,"https://assets.myntassets.com/dpr_2,q_60,w_210,c_limit,fl_progressive/assets/images/16342342/2022/1/28/7787cf13-6ca9-4e5e-bb68-65ae725634341643354404556-U-S-Polo-Assn-Denim-Co-Men-Maroon-Checked-Casual-Shirt-27716-1.jpg",shirts,us-polo-assn-denim-co,575,25
Striped Shoulder Bag,Lavie,4,33,4490,2469,L,handbags/lavie/lavie-navy-blue-striped-shoulder-bag/13840554/buy,"https://assets.myntassets.com/dpr_2,q_60,w_210,c_limit,fl_progressive/assets/images/13840554/2022/5/26/0efab18d-49ed-4c84-9d45-624ed42ee0941653567739341LavieNavyBlueStripedShoulderBag1.jpg",handbags,lavie,2021,45
Solid Top,Imfashini,4.1,182,1785,571,"XS,S,M,L,XL",tops/imfashini/imfashini-women-pink-solid-top/10837486/buy,"https://assets.myntassets.com/dpr_2,q_60,w_210,c_limit,fl_progressive/assets/images/productimage/2019/10/18/b2221c87-83fd-4a7d-912c-1d8f8f6691891571378958951-1.jpg",tops,imfashini,1214,68
Men Regular Fit Regular Shorts,Artengo By Decathlon,4.4,67,999,949,"30,32,34,37,41",shorts/artengo-by-decathlon/artengo-by-decathlon-men-black-solid-regular-fit-regular-shorts/13961204/buy,"https://assets.myntassets.com/dpr_2,q_60,w_210,c_limit,fl_progressive/assets/images/productimage/2021/3/25/2135fac0-162b-42cd-809c-ae10db8276f11616662256210-1.jpg",shorts,artengo-by-decathlon,50,5
Printed 3 Seater Sofa Covers,Athome by Nilkamal,0,0,5999,2999,3 Seater,sofa-covers/athome-by-nilkamal/athome-by-nilkamal-white--green-printed-3-seater-sofa-covers/18338414/buy,"https://assets.myntassets.com/dpr_2,q_60,w_210,c_limit,fl_progressive/assets/images/18338414/2022/5/19/66473367-17ae-4929-b6a3-f0358d7498b21652963790759FloralEleganceFitted3SeaterSofaCoverWhiteMulticolor1.jpg",sofa-covers,athome-by-nilkamal,3000,50
Accordion Pleated Wrap Dress,all about you,3.9,40,2499,874,"XS,S,M,L,XL",dresses/all-about-you/all-about-you-women-coral-orange-solid-accordion-pleated-wrap-dress/13649976/buy,"https://assets.myntassets.com/dpr_2,q_60,w_210,c_limit,fl_progressive/assets/images/13649976/2021/7/2/a51a17d6-396a-4c8f-8520-23670b0bd9161625218912742-all-about-you-Women-Coral-Orange-Solid-Accordion-Pleated-Wra-1.jpg",dresses,all-about-you,1625,65